,x1,y,rep,noise,y_noise,ymodel
0,-1.9999999999999984,0.994802127097846,0.0,0.0112784871732276,1.0060806142710736,1.0048851335933637
1,-1.899999999999998,0.9981905121093796,0.0,0.0063967475477161,1.0045872596570955,1.0045881531561736
2,-1.799999999999998,0.9999999999999984,0.0,0.0119162256693862,1.0119162256693848,1.0046528299330997
3,-1.699999999999998,0.9923382057090188,0.0,-0.0299079329999679,0.9624302727090508,1.0050967230183807
4,-1.599999999999998,0.9878838145972038,0.0,-0.021672953828283,0.9662108607689208,1.0059214236333542
5,-1.4999999999999978,0.9859075953992016,0.0,0.104986445209706,1.0908940406089076,1.0071032294029691
6,-1.3999999999999977,0.9846264064277312,0.0,0.0378540858876817,1.022480492315413,1.0085794843950717
7,-1.2999999999999976,0.9879627595840702,0.0,0.0345091844485076,1.0224719440325778,1.010228182909746
8,-1.1999999999999975,0.996603209116936,0.0,0.0144796973294078,1.0110829064463438,1.0118364622930425
9,-1.0999999999999974,0.9983583899636764,0.0,-0.0074181910159827,0.9909401989476936,1.0130497712869493
10,-0.9999999999999972,0.9977764806932384,0.0,0.0185039982251552,1.0162804789183937,1.0132865649670544
11,-0.8999999999999972,0.9832138398049308,0.0,0.0087502098984233,0.9919640497033542,1.0115926926344305
12,-0.7999999999999972,0.9720603957862162,0.0,-0.0419744099047271,0.930085985881489,1.0063992951626626
13,-0.6999999999999971,0.970885393440316,0.0,0.0192435054798007,0.9901288989201168,0.99516012450326
14,-0.599999999999997,0.9824078044627252,0.0,-0.0134153984838608,0.9689924059788644,0.9739484878052939
15,-0.4999999999999969,0.9748852439356942,0.0,-0.0019569553497996,0.9729282885858944,0.9374263866955701
16,-0.3999999999999968,0.9076058304424924,0.0,-0.0231945456827504,0.8844112847597421,0.8801762854753234
17,-0.2999999999999967,0.7740640150345531,0.0,0.0399758988946018,0.814039913929155,0.8003655249972247
18,-0.1999999999999966,0.6936705003803649,0.0,0.0496015631168399,0.7432720634972049,0.7041171175504052
19,-0.0999999999999965,0.6148537044489394,0.0,0.0099596886183467,0.6248133930672861,0.6050998655771433
20,3.552713678800501e-15,0.5136496189546743,0.0,-0.0118078672311499,0.5018417517235243,0.5171812255718493
21,0.1000000000000032,0.4242162659038289,0.0,-0.0506264947675261,0.3735897711363027,0.44742614799414515
22,0.2000000000000037,0.3890153768356727,0.0,-0.075851634512708,0.3131637423229647,0.3957460101421671
23,0.3000000000000042,0.3585249315822832,0.0,-0.0213668460908333,0.3371580854914498,0.3585308331493476
24,0.4000000000000039,0.3299107468580673,0.0,0.0379737663853473,0.3678845132434147,0.331705296940823
25,0.5000000000000036,0.3039858180068231,0.0,0.045720688784813,0.3497065067916361,0.31200103262924256
26,0.6000000000000041,0.2804168143013461,0.0,0.0074904706549587,0.2879072849563048,0.29713155079171055
27,0.7000000000000046,0.2896976684528893,0.0,0.0258073328682478,0.3155050013211371,0.2855874603357921
28,0.8000000000000043,0.3012437389579796,0.0,-0.0115167965942515,0.2897269423637281,0.276389436385677
29,0.9000000000000039,0.3067372300027084,0.0,0.0073317660660636,0.314068996068772,0.2688978722596846
30,1.0000000000000044,0.3201718296924882,0.0,0.0350854936572958,0.355257323349784,0.2626861999769045
31,1.100000000000005,0.322831227101759,0.0,0.0035877494667463,0.3264189765685053,0.2574616143256706
32,1.2000000000000046,0.3115246328302403,0.0,-0.0194200661604602,0.29210456666978,0.25301661302765144
33,1.3000000000000045,0.3002180385587221,0.0,-0.0148174197658377,0.2854006187928843,0.24919944675380024
34,1.4000000000000048,0.2801883941620213,0.0,0.001638004398199,0.2818263985602204,0.245895905890978
35,1.500000000000005,0.2580126349022006,0.0,-0.0757512536188689,0.1822613812833317,0.24301787265133415
36,1.600000000000005,0.2358368756423799,0.0,-0.0137009178121523,0.2221359578302275,0.24049593885125636
37,1.7000000000000046,0.2181326422808951,0.0,-0.0468144141865283,0.1713182280943667,0.23827450392838354
38,1.8000000000000052,0.202375672564248,0.0,0.0550113178121246,0.2573869903763726,0.23630841800611463
39,1.9000000000000057,0.1952056527475909,0.0,-0.0600514438550068,0.1351542088925841,0.2345606120960872
40,-1.9999999999999984,0.9928235031419456,1.0,0.0022797616624336,0.9951032648043792,0.982509854440753
41,-1.899999999999998,0.9924828446671534,1.0,0.0109587949570068,1.0034416396241603,0.9847269639157472
42,-1.799999999999998,0.9923812288686888,1.0,-0.0067136464151275,0.9856675824535612,0.9869383680568047
43,-1.699999999999998,0.9923450271128746,1.0,-0.0069287975869154,0.9854162295259592,0.9891052593386968
44,-1.599999999999998,0.9925817298919118,1.0,0.0021840394898595,0.9947657693817714,0.9911857603376117
45,-1.4999999999999978,0.9929228639436684,1.0,-0.0496378997783374,0.9432849641653308,0.993136388392727
46,-1.3999999999999977,0.9930822539931732,1.0,-0.0471317815628502,0.9459504724303228,0.9949136942799061
47,-1.2999999999999976,0.9923472556892574,1.0,-0.00483416242365,0.9875130932656072,0.9964756513127873
48,-1.1999999999999975,0.9925451661847056,1.0,0.0535808550710618,1.0461260212557677,0.9977821170594401
49,-1.0999999999999974,0.992853661134817,1.0,-0.0008327235327957,0.9920209376020211,0.9987935070608792
50,-0.9999999999999972,0.9939970503994868,1.0,0.0013578398869068,0.9953548902863936,0.9994669293312288
51,-0.8999999999999972,0.9935164406153332,1.0,0.0070464064414084,1.0005628470567416,0.9997498004253881
52,-0.7999999999999972,0.9919853527864798,1.0,0.016665189131294,1.0086505419177738,0.999572848715642
53,-0.6999999999999971,0.9899821054607606,1.0,-0.0358038686723894,0.9541782367883712,0.9988473810232172
54,-0.599999999999997,0.9884491693401032,1.0,0.036777657359426,1.0252268266995292,0.9974728321392231
55,-0.4999999999999969,0.9877829907712984,1.0,0.0170620349817546,1.004845025753053,0.9953461084039057
56,-0.3999999999999968,0.986919947949958,1.0,-0.0083357959779134,0.9785841519720444,0.9922931098602964
57,-0.2999999999999967,0.985554305955308,1.0,-0.0113680458127307,0.9741862601425773,0.9876863473265658
58,-0.1999999999999966,0.9853450380227546,1.0,0.0440409881113025,1.0293860261340573,0.9798073964043613
59,-0.0999999999999965,0.9849165485310228,1.0,-0.0510821278647811,0.9338344206662416,0.9680217544121091
60,3.552713678800501e-15,0.9843184531570108,1.0,0.0095592215465478,0.9938776747035586,0.9608746352260538
61,0.1000000000000032,0.9837025994632334,1.0,-0.0036570050067933,0.98004559445644,0.9688034129206581
62,0.2000000000000037,0.9830942760925095,1.0,-0.0108308851236681,0.9722633909688414,0.9834841491873025
63,0.3000000000000042,0.9825558064927428,1.0,0.0096414126010721,0.9921972190938148,0.9919339463575015
64,0.4000000000000039,0.9820421507315223,1.0,0.0419619314313383,1.0240040821628609,0.9914062152513838
65,0.5000000000000036,0.9815900303875856,1.0,0.0429418251888373,1.024531855576423,0.9848824345078561
66,0.6000000000000041,0.981152862054021,1.0,-0.0391850291723454,0.9419678328816756,0.975697251093249
67,0.7000000000000046,0.9807984450281632,1.0,-0.0537228496867279,0.9270755953414352,0.9660008359008269
68,0.8000000000000043,0.980631113345116,1.0,-0.0170014031713458,0.9636297101737702,0.9568801796261204
69,0.9000000000000039,0.9804494954517534,1.0,-0.0001977421457152,0.9802517533060382,0.9487710505501923
70,1.0000000000000044,0.9058777876728176,1.0,0.0073641627999347,0.9132419504727524,0.9417720614424578
71,1.100000000000005,0.7097845090903764,1.0,-0.0190071264731283,0.6907773826172481,0.9358277407320441
72,1.2000000000000046,0.4848703635704431,1.0,0.0044485260305983,0.4893188896010415,0.9308231551280949
73,1.3000000000000045,0.3320723829123574,1.0,0.0355174451989651,0.3675898281113225,0.9266291756383208
74,1.4000000000000048,0.1805722764579918,1.0,0.0432252191540529,0.2237974956120447,0.9231224683044086
75,1.500000000000005,0.0485816656463186,1.0,0.0143209670929318,0.0629026327392504,0.9201931649438639
76,1.600000000000005,0.0468513675754923,1.0,0.0010339916575389,0.0478853592330312,0.9177467762417851
77,1.7000000000000046,0.0426165856505637,1.0,-0.0046849801566636,0.0379316054939,0.9157035711234894
78,1.8000000000000052,0.003318239844691,1.0,-0.0085857755763099,-0.0052675357316189,0.9139969727161821
79,1.9000000000000057,0.0,1.0,-0.0409163442714032,-0.0409163442714032,0.9125716965170975
80,-1.9999999999999984,0.3278755783252897,2.0,-0.0223167921826933,0.3055587861425964,0.3221090876650294
81,-1.899999999999998,0.3493195079770794,2.0,-0.0495418775519354,0.2997776304251439,0.3416348352599771
82,-1.799999999999998,0.370763437628868,2.0,0.0544006675916375,0.4251641052205055,0.363404639967267
83,-1.699999999999998,0.3922073672806572,2.0,-0.0452730175819399,0.3469343496987171,0.3875906258853679
84,-1.599999999999998,0.4195385231479951,2.0,0.0551327866033946,0.4746713097513897,0.41433523287798607
85,-1.4999999999999978,0.4491132407715822,2.0,0.0524602095596938,0.5015734503312761,0.4437279791538817
86,-1.3999999999999977,0.478687958395169,2.0,-0.0482405835535606,0.4304473748416083,0.4757754950689061
87,-1.2999999999999976,0.5086260243538772,2.0,-0.013761758070658,0.4948642662832191,0.5103661456644034
88,-1.1999999999999975,0.5418958455084337,2.0,0.0199759922406612,0.561871837749095,0.5472331570391828
89,-1.0999999999999974,0.579001095985269,2.0,-0.0269820892229334,0.5520190067623356,0.5859232847979651
90,-0.9999999999999972,0.6283436813089323,2.0,0.0051065125925872,0.6334501939015195,0.6257803237362531
91,-0.8999999999999972,0.6776862666325948,2.0,-0.004554915719766,0.6731313509128287,0.6659519418061375
92,-0.7999999999999972,0.7236275120596617,2.0,-0.0258642930643982,0.6977632189952635,0.7054226545278098
93,-0.6999999999999971,0.7582049857168541,2.0,0.0162295868324474,0.7744345725493016,0.7430664601457357
94,-0.599999999999997,0.7907974498818493,2.0,-0.0588794821487857,0.7319179677330635,0.7777067118766214
95,-0.4999999999999969,0.8092738708796632,2.0,0.0007470684701089,0.8100209393497722,0.808183007695172
96,-0.3999999999999968,0.8018646864930618,2.0,0.1344377026896777,0.9363023891827396,0.8334823329679659
97,-0.2999999999999967,0.8006275075714555,2.0,-0.0164373904735675,0.784190117097888,0.8531430552413367
98,-0.1999999999999966,0.8109361540396456,2.0,0.0496756557956501,0.8606118098352957,0.8683878926690599
99,-0.0999999999999965,0.8356980887072984,2.0,0.0353638707207761,0.8710619594280746,0.8838980351888139
100,3.552713678800501e-15,0.8740966791652414,2.0,0.0529218190765628,0.9270184982418044,0.9033303857429921
101,0.1000000000000032,0.9243407045795434,2.0,0.0136624750862078,0.9380031796657512,0.9093847787583531
102,0.2000000000000037,0.9543374108018988,2.0,-0.0674200290273432,0.8869173817745556,0.9237102203258621
103,0.3000000000000042,0.9782552916901988,2.0,0.0105197174308818,0.9887750091210804,0.9725334508116288
104,0.4000000000000039,0.9829192332755192,2.0,0.0276926758287446,1.010611909104264,1.0020299035833502
105,0.5000000000000036,0.9957679314706822,2.0,0.0804787197881641,1.0762466512588464,1.0079059992868418
106,0.6000000000000041,0.999999999999996,2.0,-0.0050015560523036,0.9949984439476924,1.0032694402098905
107,0.7000000000000046,0.9700567422951648,2.0,0.0349431794502408,1.0049999217454055,0.9956605374293619
108,0.8000000000000043,0.9365111904357756,2.0,0.0264064469035128,0.9629176373392884,0.9880550776327738
109,0.9000000000000039,0.907287806867288,2.0,0.0312901680892377,0.9385779749565256,0.9814010133826369
110,1.0000000000000044,0.880685682348933,2.0,0.0031853792903592,0.8838710616392922,0.9758760808951061
111,1.100000000000005,0.854083557830578,2.0,0.0350511406230995,0.8891346984536775,0.9713955524327458
112,1.2000000000000046,0.8274814333122231,2.0,-0.0123037489159812,0.8151776843962419,0.9678037162148536
113,1.3000000000000045,0.7997076165562473,2.0,-0.0189032641693652,0.7808043523868821,0.96494227264083
114,1.4000000000000048,0.7705422419097657,2.0,-0.0246531212261649,0.7458891206836008,0.9626720469813241
115,1.500000000000005,0.7406733621618452,2.0,-0.0201793568979027,0.7204940052639425,0.9608774085716181
116,1.600000000000005,0.7107413554930755,2.0,0.0114019566391181,0.7221433121321936,0.9594646714068498
117,1.7000000000000046,0.6808093488243054,2.0,0.0478141419322141,0.7286234907565196,0.9583587788677014
118,1.8000000000000052,0.6508773421555359,2.0,-0.0848378007249783,0.5660395414305576,0.9574998634383785
119,1.9000000000000057,0.6209453354867657,2.0,-0.0669799102908186,0.553965425195947,0.9568402110826797
120,-1.9999999999999984,0.2051221493834552,3.0,0.010857514610816,0.2159796639942712,0.1484883583004317
121,-1.899999999999998,0.1867015936654382,3.0,-0.0272977094442419,0.1594038842211962,0.14074429232126415
122,-1.799999999999998,0.1699319228200971,3.0,-0.0173450176272438,0.1525869051928532,0.13261156553606138
123,-1.699999999999998,0.1533733855643563,3.0,-0.022536962233329,0.1308364233310272,0.12409797766554713
124,-1.599999999999998,0.1370489442717512,3.0,0.0283628787083418,0.1654118229800931,0.11521506522305403
125,-1.4999999999999978,0.1206559158205421,3.0,-0.010744991898139,0.109910923922403,0.10597754202822435
126,-1.3999999999999977,0.1042628873693332,3.0,0.0325058362795383,0.1367687236488715,0.09640236149460228
127,-1.2999999999999976,0.0878698589181243,3.0,-0.0087763830111325,0.0790934759069917,0.08650729287117909
128,-1.1999999999999975,0.0707787025604666,3.0,-0.0034261306536065,0.06735257190686,0.07630886403054558
129,-1.0999999999999974,0.0404734496083166,3.0,-0.0144249697009598,0.0260484799073567,0.06581951310079523
130,-0.9999999999999972,0.0183073091064542,3.0,-0.0005812712524794,0.0177260378539747,0.05504392276890636
131,-0.8999999999999972,0.0057313185763492,3.0,-0.0470421956083614,-0.0413108770320122,0.043975075252589514
132,-0.7999999999999972,0.0,3.0,-0.0213196414864115,-0.0213196414864115,0.0325922651330229
133,-0.6999999999999971,0.0077651107364152,3.0,0.0218657366336653,0.0296308473700805,0.020867808328546497
134,-0.599999999999997,0.0126031911874475,3.0,-0.0294028890479436,-0.0167996978604961,0.008800497664500537
135,-0.4999999999999969,0.0248121132504397,3.0,-0.0762328938429179,-0.0514207805924782,-0.0034780427613004153
136,-0.3999999999999968,0.0409498724005131,3.0,-0.0487157143667406,-0.0077658419662275,-0.015406945882446312
137,-0.2999999999999967,0.0482300297099355,3.0,-0.063481721036044,-0.0152516913261085,-0.02520613335045521
138,-0.1999999999999966,0.0540639217340173,3.0,-0.0461131414065657,0.0079507803274515,-0.027788836500869506
139,-0.0999999999999965,0.0608466828395977,3.0,-0.0122479327793862,0.0485987500602114,-0.009508707187970504
140,3.552713678800501e-15,0.0678508875923604,3.0,-0.0642570449652552,0.0035938426271052,0.058616774503927604
141,0.1000000000000032,0.0734077921274962,3.0,0.0633613960497094,0.1367691881772056,0.1566519296474684
142,0.2000000000000037,0.0792029458399155,3.0,0.0241740675120399,0.1033770133519554,0.09406888409467243
143,0.3000000000000042,0.0850207911953309,3.0,-0.0130034094158346,0.0720173817794962,0.06392727476270203
144,0.4000000000000039,0.1045643931248539,3.0,-0.015768280756803,0.0887961123680508,0.10680389721317513
145,0.5000000000000036,0.1321584378077315,3.0,-0.0533825087936423,0.0787759290140892,0.14034207736170173
146,0.6000000000000041,0.1657910628857588,3.0,0.0157612172838129,0.1815522801695717,0.15727484447831425
147,0.7000000000000046,0.1927679511033135,3.0,-0.0192432548577261,0.1735246962455873,0.16555002104642144
148,0.8000000000000043,0.2169709066292302,3.0,-0.0660616046987065,0.1509093019305236,0.17008315020374962
149,0.9000000000000039,0.248601604037987,3.0,-0.0344416165754439,0.214159987462543,0.17304940059576318
150,1.0000000000000044,0.2803391905495598,3.0,0.0681789317383612,0.348518122287921,0.17534306810140315
151,1.100000000000005,0.315270095205546,3.0,-0.0698232548602098,0.2454468403453362,0.17732237432199152
152,1.2000000000000046,0.3454662754679457,3.0,-0.0093057358445644,0.3361605396233812,0.17912726784974833
153,1.3000000000000045,0.3743587796860615,3.0,-0.0220447319051974,0.3523140477808641,0.180810826310999
154,1.4000000000000048,0.4013108820344271,3.0,-0.0298428714519832,0.3714680105824439,0.18239312091936258
155,1.500000000000005,0.4266676003004415,3.0,0.0216514950408745,0.448319095341316,0.18388285212918082
156,1.600000000000005,0.4517619560331863,3.0,-0.0135319363031238,0.4382300197300624,0.18528559650644374
157,1.7000000000000046,0.4771189355147512,3.0,0.0447058097548778,0.5218247452696291,0.18660658995868792
158,1.8000000000000052,0.5021663345043712,3.0,0.0424537208271332,0.5446200553315044,0.1878513911858075
159,1.9000000000000057,0.5261559137225986,3.0,0.0853627473058187,0.6115186610284173,0.18902581480744035
160,-1.9999999999999984,0.8859270219247899,4.0,0.0141117872621547,0.9000388091869447,0.924932243421066
161,-1.899999999999998,0.9427794003464328,4.0,0.0138998164697143,0.9566792168161472,0.934178994116043
162,-1.799999999999998,0.9893509121071148,4.0,-0.0692076815898158,0.920143230517299,0.9434734673925421
163,-1.699999999999998,0.9901984340664716,4.0,0.0004668366039358,0.9906652706704074,0.9527610567293417
164,-1.599999999999998,0.9907113083627188,4.0,-0.0743534008797241,0.9163579074829946,0.9619731180487926
165,-1.4999999999999978,0.9902449788883272,4.0,-0.0308473268826398,0.9593976520056874,0.9710229694400793
166,-1.3999999999999977,0.9897786494139352,4.0,0.0386431735761001,1.0284218229900353,0.9798011249260697
167,-1.2999999999999976,0.9901183555533888,4.0,-0.0329559082804657,0.957162447272923,0.9881697856444942
168,-1.1999999999999975,0.9910309776851643,4.0,0.0476055767191021,1.0386365544042664,0.9959568102487438
169,-1.0999999999999974,0.9917987353796928,4.0,0.0170063921002671,1.00880512747996,1.0029499059358673
170,-0.9999999999999972,0.9938475488852628,4.0,0.0374771254471674,1.0313246743324302,1.0088930114409305
171,-0.8999999999999972,0.9961552285834696,4.0,0.0099564340246235,1.0061116626080933,1.0134895384530778
172,-0.7999999999999972,0.9980447698981963,4.0,-0.0358282025230398,0.9622165673751566,1.0164226681435358
173,-0.6999999999999971,0.9988119070768814,4.0,-0.0287983166219139,0.9700135904549676,1.017413496523356
174,-0.599999999999997,0.9993671369360472,4.0,0.0700602059632648,1.069427342899312,1.016356285960546
175,-0.4999999999999969,0.9995417127897622,4.0,0.032182990844935,1.0317247036346973,1.013596786873256
176,-0.3999999999999968,0.9995792773030736,4.0,0.0068850872678047,1.0064643645708784,1.0104389632080453
177,-0.2999999999999967,0.9995996385955168,4.0,0.0118085621860968,1.0114082007816136,1.0098906596314923
178,-0.1999999999999966,0.9997760397856326,4.0,0.0042161437575593,1.003992183543192,1.0170956050541062
179,-0.0999999999999965,0.9999999999999996,4.0,0.042113410506027,1.0421134105060266,1.0362691486784184
180,3.552713678800501e-15,0.999803593224508,4.0,0.0440385022392643,1.0438420954637724,1.0539320552066698
181,0.1000000000000032,0.9971326030028616,4.0,0.0228438124538435,1.019976415456705,1.020923223499589
182,0.2000000000000037,0.9956900562715684,4.0,-0.0353736763525513,0.9603163799190172,0.9591063762405279
183,0.3000000000000042,0.9950878772811518,4.0,-0.0385783015282736,0.956509575752878,0.9584114113927559
184,0.4000000000000039,0.9946961783931428,4.0,-0.0213774678874052,0.9733187105057376,0.9832474992383065
185,0.5000000000000036,0.9962773093665294,4.0,0.0112558764617575,1.007533185828287,0.9945038468016344
186,0.6000000000000041,0.9965441852684772,4.0,-0.0351074343157029,0.9614367509527744,0.9922310932859163
187,0.7000000000000046,0.9965645533582832,4.0,0.0291610965283268,1.02572564988661,0.9840046505918415
188,0.8000000000000043,0.9968758307452936,4.0,-0.0647916988836353,0.9320841318616584,0.9743745387449636
189,0.9000000000000039,0.996793368448928,4.0,-0.0119803896507673,0.9848129787981604,0.965235523990831
190,1.0000000000000044,0.9958090194308512,4.0,-0.0422282320936993,0.953580787337152,0.9572028470567335
191,1.100000000000005,0.9941611274479286,4.0,-0.0190808285820877,0.9750802988658408,0.9503738813417613
192,1.2000000000000046,0.9925953500994364,4.0,0.0019997964341092,0.9945951465335456,0.9446593298216716
193,1.3000000000000045,0.9160284177749332,4.0,-0.0435680828180553,0.8724603349568778,0.9399158686536723
194,1.4000000000000048,0.4660711245680721,4.0,0.0818568418009914,0.5479279663690635,0.9359964984335178
195,1.500000000000005,0.0551448314451324,4.0,0.0368444754978241,0.0919893069429566,0.9327679806692339
196,1.600000000000005,0.0,4.0,-0.0313334914592697,-0.0313334914592697,0.9301153880972328
197,1.7000000000000046,0.1026852518966939,4.0,-0.0037588672464195,0.0989263846502743,0.927941803715805
198,1.8000000000000052,0.133015492018097,4.0,0.030349641211151,0.163365133229248,0.9261663793890743
199,1.9000000000000057,0.2070436409532919,4.0,0.0280773753104438,0.2351210162637357,0.9247220202342975
200,-1.9999999999999984,0.1781394829013399,5.0,0.0461622721866203,0.2243017550879602,0.21829531063147314
201,-1.899999999999998,0.1681090692670048,5.0,0.0351959306577723,0.2033049999247771,0.2023136615553336
202,-1.799999999999998,0.1580786556326701,5.0,0.0271283419362316,0.1852069975689018,0.1864042058532832
203,-1.699999999999998,0.1480482419983351,5.0,0.0151398691198981,0.1631881111182332,0.17068312527723603
204,-1.599999999999998,0.1394838187829368,5.0,0.0374501769019228,0.1769339956848596,0.15526151474162272
205,-1.4999999999999978,0.1400583716641587,5.0,-0.0169582853993479,0.1231000862648107,0.14024208227161275
206,-1.3999999999999977,0.1219115992816922,5.0,-0.0119853072727694,0.1099262920089227,0.12571658724874157
207,-1.2999999999999976,0.0991297243588153,5.0,0.0246354273319454,0.1237651516907607,0.11176425613150309
208,-1.1999999999999975,0.0764110397143249,5.0,0.0354514609032532,0.1118625006175781,0.0984513886826911
209,-1.0999999999999974,0.0514738359675911,5.0,0.0427566374482675,0.0942304734158586,0.08583237781869797
210,-0.9999999999999972,0.0409181737364421,5.0,0.0487334625240432,0.0896516362604853,0.07395244200614545
211,-0.8999999999999972,0.0597853463189845,5.0,-0.0439806423452304,0.015804703973754,0.06285255176381238
212,-0.7999999999999972,0.0503852690214544,5.0,-0.0230298899213344,0.0273553791001199,0.05257738740088063
213,-0.6999999999999971,0.0246882780815293,5.0,-0.0230326725846019,0.0016556054969273,0.04318781018278869
214,-0.599999999999997,0.0175851225386106,5.0,-0.0076591493786967,0.0099259731599138,0.03478047887220032
215,-0.4999999999999969,0.0109590046460583,5.0,0.0453069917259209,0.0562659963719792,0.02751930396301137
216,-0.3999999999999968,0.0283487000848094,5.0,0.0749659327533099,0.1033146328381193,0.021687159508000948
217,-0.2999999999999967,0.0072812070201497,5.0,-0.0117820284571477,-0.004500821436998,0.01777292811861636
218,-0.1999999999999966,0.0015729088196672,5.0,0.0144821797611822,0.0160550885808494,0.016619585625003163
219,-0.0999999999999965,0.0,5.0,-0.0321229662815826,-0.0321229662815826,0.019667246090522936
220,3.552713678800501e-15,0.0219266947584459,5.0,0.0382160404281706,0.0601427351866165,0.029271765561971485
221,0.1000000000000032,0.0504390139194451,5.0,0.0483926865954809,0.098831700514926,0.04860795286291208
222,0.2000000000000037,0.0627334003168332,5.0,-0.018202423419327,0.0445309768975061,0.07808696464870968
223,0.3000000000000042,0.0750277867142212,5.0,0.0335906740422815,0.1086184607565027,0.09864684564789358
224,0.4000000000000039,0.0961960191172974,5.0,-0.0418341757366128,0.0543618433806845,0.07615084249986108
225,0.5000000000000036,0.1340669538075707,5.0,-0.0495675851476126,0.084499368659958,0.09154223103456358
226,0.6000000000000041,0.158095572384409,5.0,0.0273157628630419,0.1854113352474509,0.1659517550653119
227,0.7000000000000046,0.183582027963506,5.0,-5.458742486066882e-05,0.1835274405386453,0.2147052498591333
228,0.8000000000000043,0.2086546234001323,5.0,0.0458348032624063,0.2544894266625386,0.2299497363402624
229,0.9000000000000039,0.2216502266654432,5.0,0.0005843713016599,0.2222345979671031,0.22940770154088214
230,1.0000000000000044,0.2385668259693557,5.0,-0.0123508818263919,0.2262159441429637,0.22366700918652735
231,1.100000000000005,0.2702943087944049,5.0,-0.0683283507102282,0.2019659580841767,0.21698249391067542
232,1.2000000000000046,0.3092897764863228,5.0,0.0536730611546473,0.3629628376409701,0.21081931613130395
233,1.3000000000000045,0.3596856472859275,5.0,0.0130483711126569,0.3727340183985844,0.20558270568431433
234,1.4000000000000048,0.3936147575420443,5.0,-0.0061857149568939,0.3874290425851503,0.2012972696648252
235,1.500000000000005,0.4085902409987896,5.0,0.0464741228668651,0.4550643638656547,0.19786287550864035
236,1.600000000000005,0.4235657244555352,5.0,-0.0350827284364032,0.388482996019132,0.1951500968491235
237,1.7000000000000046,0.4385412079122792,5.0,0.0123560919345338,0.450897299846813,0.193034572428257
238,1.8000000000000052,0.4409089573601001,5.0,-0.0214255152607325,0.4194834420993675,0.191407817159134
239,1.9000000000000057,0.4505992454694282,5.0,-0.0255550754699344,0.4250441699994937,0.19017903065143185
240,-1.9999999999999984,0.0793045082086334,6.0,-0.0006858152335223,0.078618692975111,0.09507306380897051
241,-1.899999999999998,0.074880294704436,6.0,0.0154588261533033,0.0903391208577393,0.08777925859607362
242,-1.799999999999998,0.0704560812002379,6.0,0.0401366208851028,0.1105927020853407,0.08088053315000467
243,-1.699999999999998,0.0660318676960407,6.0,0.0229323629659668,0.0889642306620075,0.07439358708391276
244,-1.599999999999998,0.0616076541918427,6.0,-0.0605027412764074,0.0011049129154352,0.06832968526019391
245,-1.4999999999999978,0.0571834406876447,6.0,0.0373471728620534,0.0945306135496981,0.06269556813758144
246,-1.3999999999999977,0.0534280761120037,6.0,0.0088035897155774,0.0622316658275811,0.05749478315782942
247,-1.2999999999999976,0.0499184656474903,6.0,-0.0610833336219991,-0.0111648679745088,0.052729505603215786
248,-1.1999999999999975,0.0464088551829769,6.0,-0.024000043195246,0.0224088119877308,0.048402957290525676
249,-1.0999999999999974,0.0423982151356862,6.0,-0.0100409852043415,0.0323572299313446,0.044522577963675654
250,-0.9999999999999972,0.0392663100436068,6.0,0.1102268417768521,0.1494931518204589,0.04110414627745136
251,-0.8999999999999972,0.0365889906979082,6.0,0.0859372795536045,0.1225262702515127,0.03817705985969522
252,-0.7999999999999972,0.0293486680486698,6.0,-0.0193349163020574,0.0100137517466123,0.03579091372341685
253,-0.6999999999999971,0.021761627115746,6.0,-0.0618139743498449,-0.0400523472340989,0.03402324444806185
254,-0.599999999999997,0.0161194161106881,6.0,-0.0322229549030299,-0.0161035387923418,0.032987522693087995
255,-0.4999999999999969,0.0176764477266326,6.0,-0.012434065081801,0.0052423826448315,0.032838170087337186
256,-0.3999999999999968,0.0132583389603589,6.0,0.0373746467190805,0.0506329856794394,0.03376179441379369
257,-0.2999999999999967,0.0142530618689633,6.0,0.1458105134576109,0.1600635753265742,0.03591641650787987
258,-0.1999999999999966,0.0104346605431917,6.0,-0.0065810435567033,0.0038536169864883,0.03917839824187676
259,-0.0999999999999965,0.0020133899544685,6.0,0.0619199517673215,0.06393334172179,0.042201246337904307
260,3.552713678800501e-15,0.0,6.0,0.0139955454824552,0.0139955454824552,0.039422875530196966
261,0.1000000000000032,0.0051981900117147,6.0,-0.0230059638774002,-0.0178077738656855,0.01646743855350804
262,0.2000000000000037,0.0091477727850219,6.0,-0.0187322944679029,-0.009584521682881,-0.027525815128032746
263,0.3000000000000042,0.0232740008740501,6.0,-0.0387667614271825,-0.0154927605531324,-0.01629594848048165
264,0.4000000000000039,0.1032026316100446,6.0,0.0231424045562549,0.1263450361662995,0.07627088435639455
265,0.5000000000000036,0.1436786606009524,6.0,0.0248032275817733,0.1684818881827257,0.16534092023642824
266,0.6000000000000041,0.1800851990071521,6.0,0.0089515925687755,0.1890367915759276,0.2166554632644931
267,0.7000000000000046,0.2161656214670712,6.0,0.0159937418198128,0.232159363286884,0.24136429758444525
268,0.8000000000000043,0.2484250735768869,6.0,0.0291147518028281,0.277539825379715,0.2526231681336695
269,0.9000000000000039,0.2773672951997408,6.0,-0.0137832362666969,0.2635840589330438,0.25761205160034056
270,1.0000000000000044,0.3012035131502579,6.0,-0.0216442479332357,0.2795592652170221,0.25971746210031726
271,1.100000000000005,0.3250618111414244,6.0,-0.0311016825965673,0.293960128544857,0.26051353495998114
272,1.2000000000000046,0.3489201091325907,6.0,-0.0288401122953135,0.3200799968372771,0.26074501357534824
273,1.3000000000000045,0.3741375661489457,6.0,-0.0273798047040461,0.3467577614448995,0.2607697849864678
274,1.4000000000000048,0.4026058662243451,6.0,0.0320452225115297,0.4346510887358749,0.26075942618838727
275,1.500000000000005,0.4318948094081255,6.0,0.0297213905949411,0.4616162000030667,0.26079326087144944
276,1.600000000000005,0.4527204976843484,6.0,0.0239298248288838,0.4766503225132322,0.2609041594454294
277,1.7000000000000046,0.4761364342774999,6.0,0.0352294712567567,0.5113659055342566,0.26110157150593694
278,1.8000000000000052,0.4995523708706515,6.0,0.0264395087348026,0.5259918796054541,0.2613833910061778
279,1.9000000000000057,0.5237519861100124,6.0,-0.0044348450029417,0.5193171411070706,0.26174215879885726
280,-1.9999999999999984,0.014814615454282,7.0,0.0231730524908877,0.0379876679451697,0.00555057446828193
281,-1.899999999999998,0.0124805821169055,7.0,0.0309346265738278,0.0434152086907333,0.007186449555420007
282,-1.799999999999998,0.010146548779529,7.0,-0.0533988901310451,-0.0432523413515161,0.00909496810034225
283,-1.699999999999998,0.0078125154421524,7.0,-0.0398523039893266,-0.0320397885471742,0.011303168109183815
284,-1.599999999999998,0.0056138083865924,7.0,0.0404757480357441,0.0460895564223365,0.013838908853101331
285,-1.4999999999999978,0.0037670567568608,7.0,-0.0068191542467781,-0.0030520974899173,0.016729449847909125
286,-1.3999999999999977,0.0,7.0,0.0304432086759082,0.0304432086759082,0.019999354720073536
287,-1.2999999999999976,0.000454822186789,7.0,0.0924624111487045,0.0929172333354935,0.023667686734055535
288,-1.1999999999999975,0.0176461619565373,7.0,0.000423796795608,0.0180699587521453,0.027744671973361845
289,-1.0999999999999974,0.0410198027300507,7.0,-0.0559548103544099,-0.0149350076243592,0.03222842511515208
290,-0.9999999999999972,0.0594671041280793,7.0,0.0374036998846125,0.0968708040126918,0.03710306171963361
291,-0.8999999999999972,0.0607918444952786,7.0,-0.0294301329386274,0.0313617115566511,0.04234063355309579
292,-0.7999999999999972,0.0718432770865659,7.0,-0.0397995721361948,0.032043704950371,0.04791076635465135
293,-0.6999999999999971,0.084670173592563,7.0,-0.0581623482206516,0.0265078253719113,0.05380328111513011
294,-0.599999999999997,0.0770538866005884,7.0,-0.0045466786248509,0.0725072079757374,0.06006941880611983
295,-0.4999999999999969,0.0864969807410379,7.0,-0.039168173489025,0.0473288072520128,0.06688429978894604
296,-0.3999999999999968,0.1053673984992066,7.0,0.0326729312868094,0.138040329786016,0.07462229142923454
297,-0.2999999999999967,0.1092188307956976,7.0,-0.0562000699888997,0.0530187608067978,0.08390926421660701
298,-0.1999999999999966,0.1091906751694634,7.0,-0.0197785326973133,0.08941214247215,0.09555929684424318
299,-0.0999999999999965,0.0902340820512276,7.0,-0.0019856308500484,0.0882484512011791,0.11022460010178639
300,3.552713678800501e-15,0.1053992486395336,7.0,-0.0287729594357086,0.0766262892038249,0.12759599664423954
301,0.1000000000000032,0.1491433206434406,7.0,0.0447194993073798,0.1938628199508204,0.14539946731891168
302,0.2000000000000037,0.1386909885221545,7.0,0.0008860471719709,0.1395770356941254,0.15933328392090526
303,0.3000000000000042,0.1461723218514005,7.0,-0.0021347414117008,0.1440375804396996,0.16521844256749263
304,0.4000000000000039,0.150485061839967,7.0,0.0463786654653878,0.1968637273053548,0.16303696615202196
305,0.5000000000000036,0.1633618743547939,7.0,0.0379783141887443,0.2013401885435382,0.16101302321983
306,0.6000000000000041,0.1755460654551736,7.0,-0.0425303544231583,0.1330157110320152,0.1723401945965216
307,0.7000000000000046,0.1897266494174133,7.0,0.0037579226913756,0.1934845721087889,0.19940003053783617
308,0.8000000000000043,0.1969402296755349,7.0,0.0705480257908914,0.2674882554664263,0.230427483442198
309,0.9000000000000039,0.209720088224935,7.0,0.0259080328012913,0.2356281210262263,0.254912216188512
310,1.0000000000000044,0.2245149972132722,7.0,0.0463868220940271,0.2709018193072993,0.2703936679329647
311,1.100000000000005,0.2391295603635898,7.0,-0.038654645871693,0.2004749144918967,0.27879903685743646
312,1.2000000000000046,0.2610085763883411,7.0,-0.0471571584104488,0.2138514179778921,0.28271990073606784
313,1.3000000000000045,0.2862645333502138,7.0,0.0160564371839527,0.3023209705341665,0.28410142043618897
314,1.4000000000000048,0.314991187494423,7.0,0.0890818006807547,0.4040729881751778,0.28415567730712227
315,1.500000000000005,0.3435540236379146,7.0,-0.0216653513707214,0.3218886722671931,0.2835779647852358
316,1.600000000000005,0.3719483923201567,7.0,0.0310273755408904,0.4029757678610471,0.2827497812028831
317,1.7000000000000046,0.4003427610023989,7.0,-0.073603513397209,0.3267392476051899,0.28187334417941023
318,1.8000000000000052,0.4290870865530389,7.0,-0.0120875758582072,0.4169995106948316,0.28105110473253475
319,1.9000000000000057,0.4579162292606357,7.0,-0.0077595967124368,0.4501566325481988,0.28033072296366573
320,-1.9999999999999984,0.355082892215658,8.0,0.0430879260347507,0.3981708182504087,0.3886998437606228
321,-1.899999999999998,0.3231301379096075,8.0,0.0169333043186148,0.3400634422282223,0.3452504940614581
322,-1.799999999999998,0.2909722863471112,8.0,0.0079416158828005,0.2989139022299117,0.3021649533359868
323,-1.699999999999998,0.2588231755566769,8.0,-0.0067754068882565,0.2520477686684204,0.2600579232156324
324,-1.599999999999998,0.2266785847992746,8.0,0.0554287462216064,0.282107331020881,0.2195182335920185
325,-1.4999999999999978,0.1922680577027419,8.0,0.0057548387936348,0.1980228964963767,0.18108514062143144
326,-1.3999999999999977,0.1611696531379285,8.0,-0.0915865130302232,0.0695831401077052,0.14523362827188324
327,-1.2999999999999976,0.1289948472438288,8.0,0.0079918852076053,0.1369867324514341,0.11237079619338147
328,-1.1999999999999975,0.0982583481984628,8.0,-0.0600217212090079,0.0382366269894548,0.08284403475811758
329,-1.0999999999999974,0.0759688890093865,8.0,-0.0439921233566523,0.0319767656527341,0.05696052330296943
330,-0.9999999999999972,0.0545274021912669,8.0,-0.0107467077533246,0.0437806944379422,0.03501660789098513
331,-0.8999999999999972,0.0317929356922,8.0,-0.073464553237735,-0.041671617545535,0.017334343570494178
332,-0.7999999999999972,0.0208062590381813,8.0,0.0254425183236955,0.0462487773618768,0.004299925467433575
333,-0.6999999999999971,0.0125879557188678,8.0,-0.0176089478693751,-0.0050209921505073,-0.0036065743917269998
334,-0.599999999999997,0.0067867136821495,8.0,-0.0104640092699286,-0.0036772955877791,-0.005810155201469505
335,-0.4999999999999969,0.0,8.0,-0.0267062311284868,-0.0267062311284868,-0.001701459897669315
336,-0.3999999999999968,0.0010887207257184,8.0,0.0187099168784653,0.0197986376041837,0.009197581847438099
337,-0.2999999999999967,0.0095950321962658,8.0,0.029766042919965,0.0393610751162308,0.02692588613001711
338,-0.1999999999999966,0.034866738461668,8.0,0.0045381612513022,0.0394048997129702,0.05063667892179483
339,-0.0999999999999965,0.0565829265029151,8.0,0.0063386733604375,0.0629215998633526,0.07809697825243908
340,3.552713678800501e-15,0.0793901425057897,8.0,-0.0197636468781541,0.0596264956276355,0.10536136346044463
341,0.1000000000000032,0.1183220341150063,8.0,0.0339608961073435,0.1522829302223498,0.12731149485418733
342,0.2000000000000037,0.1542981976343538,8.0,-0.0302937268805923,0.1240044707537614,0.14110387213203993
343,0.3000000000000042,0.1898302998396851,8.0,-0.0298816615613619,0.1599486382783231,0.15378008862689418
344,0.4000000000000039,0.2251132237754055,8.0,-0.0137112891816491,0.2114019345937563,0.1819043035550189
345,0.5000000000000036,0.2636028494902238,8.0,-0.0407908449625583,0.2228120045276654,0.2311534070594395
346,0.6000000000000041,0.3161979039749874,8.0,-0.0217568572662519,0.2944410467087355,0.28833882760499785
347,0.7000000000000046,0.3509795418105433,8.0,-0.0088750421545218,0.3421044996560214,0.3389066740655656
348,0.8000000000000043,0.3757881212266891,8.0,0.0069769612335538,0.3827650824602429,0.3774022729752215
349,0.9000000000000039,0.399362914430408,8.0,-0.0031084192914112,0.3962544951389967,0.40472674060752606
350,1.0000000000000044,0.4195748447280372,8.0,-0.0339862047416003,0.3855886399864368,0.4236655046877825
351,1.100000000000005,0.4420272728651429,8.0,0.0197197516260046,0.4617470244911475,0.4368080545927471
352,1.2000000000000046,0.4641242357098021,8.0,-0.0940929699706643,0.3700312657391378,0.44606000048820654
353,1.3000000000000045,0.4836336592097149,8.0,-0.0034917665988136,0.4801418926109012,0.4527121664739438
354,1.4000000000000048,0.5013096693356255,8.0,0.0211460080490699,0.5224556773846954,0.45761434019412217
355,1.500000000000005,0.5184078777537086,8.0,0.0138722699786036,0.5322801477323122,0.46132330703225566
356,1.600000000000005,0.5351803133360049,8.0,0.0585422466482327,0.5937225599842377,0.46420614258975484
357,1.7000000000000046,0.551690501692032,8.0,0.0005376947438,0.5522281964358321,0.466507549591364
358,1.8000000000000052,0.5682006900480585,8.0,0.0128882418300988,0.5810889318781574,0.46839278350630204
359,1.9000000000000057,0.5869075049778331,8.0,0.0282364904728304,0.6151439954506634,0.4699749470627802
360,-1.9999999999999984,0.2762221640059989,9.0,-0.0312059283273917,0.2450162356786072,0.222566886832335
361,-1.899999999999998,0.252379919718417,9.0,-0.0570668693606606,0.1953130503577563,0.2121431621004042
362,-1.799999999999998,0.2273144946664722,9.0,-0.0150885977912736,0.2122258968751985,0.20177164881244283
363,-1.699999999999998,0.2072406562912478,9.0,-0.0484141797487356,0.1588264765425121,0.1914328626550439
364,-1.599999999999998,0.1878986851644568,9.0,0.0133138220614844,0.2012125072259412,0.18109899636162688
365,-1.4999999999999978,0.1766986160741248,9.0,0.0248959391048889,0.2015945551790137,0.17073273932574667
366,-1.3999999999999977,0.1662165174298445,9.0,-0.0049574729214649,0.1612590445083795,0.16028584924574352
367,-1.2999999999999976,0.1666598744176068,9.0,-0.0720467237922942,0.0946131506253125,0.14969749478604386
368,-1.1999999999999975,0.1603935296891469,9.0,-0.0023241617717679,0.158069367917379,0.1388925046029892
369,-1.0999999999999974,0.1606703936128433,9.0,-0.0517156316682174,0.1089547619446258,0.12777988587124398
370,-0.9999999999999972,0.1516571337667265,9.0,0.0081919841262034,0.1598491178929299,0.1162523890152096
371,-0.8999999999999972,0.127068451232319,9.0,-0.0374646873128312,0.0896037639194877,0.10418859458243225
372,-0.7999999999999972,0.0873731724232341,9.0,0.0134529530339738,0.1008261254572079,0.0914600851207604
373,-0.6999999999999971,0.0651931662975766,9.0,0.0389079513348694,0.104101117632446,0.07794777071753044
374,-0.599999999999997,0.0459776564062341,9.0,0.0189253585678058,0.0649030149740399,0.06357317566812536
375,-0.4999999999999969,0.022253614414893,9.0,-0.0177287290464431,0.0045248853684498,0.048351876259905155
376,-0.3999999999999968,0.0180070424016263,9.0,0.0298721537077701,0.0478791961093964,0.03247626810929152
377,-0.2999999999999967,0.008184217135741,9.0,-0.0201969509905583,-0.0120127338548173,0.016432357453888064
378,-0.1999999999999966,0.0,9.0,-0.0148388982757704,-0.0148388982757704,0.0011499067759512917
379,-0.0999999999999965,0.0029024208654285,9.0,0.0172336016060259,0.0201360224714544,-0.011824092275922262
380,3.552713678800501e-15,0.0028957763458881,9.0,0.0001900194024163,0.0030857957483044,-0.02016512794955744
381,0.1000000000000032,0.0056282952265515,9.0,-0.012432143392236,-0.0068038481656845,-0.020769745181079022
382,0.2000000000000037,0.006037265438649,9.0,-0.0341511452155783,-0.0281138797769293,-0.010478076141987888
383,0.3000000000000042,0.0232262136373695,9.0,-0.0125692364426882,0.0106569771946812,0.010700950735550944
384,0.4000000000000039,0.042021384465036,9.0,-0.0011021774784224,0.0409192069866135,0.03170718631629987
385,0.5000000000000036,0.0624392910610364,9.0,-0.0006932123467601,0.0617460787142762,0.035562961250825725
386,0.6000000000000041,0.0831915072616794,9.0,-0.0808587126637297,0.0023327945979496,0.052303423825512466
387,0.7000000000000046,0.0978522616678792,9.0,0.0436355907045414,0.1414878523724207,0.10335118881747499
388,0.8000000000000043,0.1302421817957737,9.0,0.0033176617284956,0.1335598435242693,0.13552664135031783
389,0.9000000000000039,0.1526307050759129,9.0,-0.0279034090042489,0.1247272960716639,0.13274747536519302
390,1.0000000000000044,0.169513285286771,9.0,-0.009027785408756,0.1604854998780149,0.11237744999203976
391,1.100000000000005,0.1874247248511017,9.0,0.0111479569389098,0.1985726817900115,0.08811507406510614
392,1.2000000000000046,0.2062417502756614,9.0,-0.0520897778691537,0.1541519724065077,0.06552683030943196
393,1.3000000000000045,0.2238368249710289,9.0,0.0510486819498351,0.2748855069208641,0.04611168733731443
394,1.4000000000000048,0.2327934239590516,9.0,-0.033837907576999,0.1989555163820525,0.02990019800222897
395,1.500000000000005,0.2468662136459127,9.0,-0.0360161529407165,0.2108500607051961,0.0164967777654121
396,1.600000000000005,0.2709100291561032,9.0,0.0742217365380697,0.3451317656941729,0.005437572521826219
397,1.7000000000000046,0.2974109066066325,9.0,-0.0166576066782036,0.2807532999284288,-0.0036998976206195104
398,1.8000000000000052,0.3261972991158074,9.0,-0.0152056630597896,0.3109916360560178,-0.011271337266006145
399,1.9000000000000057,0.3549836916249821,9.0,-0.016692332732323,0.338291358892659,-0.01756732060747862
