,x1,y,rep
0,-4.0,0.22690116621753764,0.0
1,-3.95,0.22647453316695879,0.0
2,-3.9000000000000004,0.22613577821084643,0.0
3,-3.8500000000000005,0.22588438424913518,0.0
4,-3.8000000000000007,0.22571955936688692,0.0
5,-3.750000000000001,0.2256402349867505,0.0
6,-3.700000000000001,0.225645065211805,0.0
7,-3.6500000000000012,0.2257324272393208,0.0
8,-3.6000000000000014,0.2259004227129998,0.0
9,-3.5500000000000016,0.2261468798756441,0.0
10,-3.5000000000000018,0.22646935638693952,0.0
11,-3.450000000000002,0.22686514268228036,0.0
12,-3.400000000000002,0.22733126576865315,0.0
13,-3.3500000000000023,0.22786449338142947,0.0
14,-3.3000000000000025,0.22846133846014346,0.0
15,-3.2500000000000027,0.22911806393904108,0.0
16,-3.200000000000003,0.22983068788496078,0.0
17,-3.150000000000003,0.23059498904495168,0.0
18,-3.100000000000003,0.23140651288004968,0.0
19,-3.0500000000000034,0.23226057814865533,0.0
20,-3.0000000000000036,0.23315228404822497,0.0
21,-2.9500000000000037,0.234076517809223,0.0
22,-2.900000000000004,0.23502796243839502,0.0
23,-2.850000000000004,0.23600110400328914,0.0
24,-2.8000000000000043,0.23699023740766553,0.0
25,-2.7500000000000044,0.23798946899632303,0.0
26,-2.7000000000000046,0.23899271351726065,0.0
27,-2.650000000000005,0.23999368193222426,0.0
28,-2.600000000000005,0.2409858552880065,0.0
29,-2.550000000000005,0.24196243834638273,0.0
30,-2.5000000000000053,0.24291628496425846,0.0
31,-2.4500000000000055,0.2438397854241401,0.0
32,-2.4000000000000057,0.24472470424508094,0.0
33,-2.350000000000006,0.2455619558156704,0.0
34,-2.300000000000006,0.24634130507253077,0.0
35,-2.250000000000006,0.24705098232008657,0.0
36,-2.2000000000000064,0.24767720653305111,0.0
37,-2.1500000000000066,0.2482036221031882,0.0
38,-2.1000000000000068,0.24861067276905902,0.0
39,-2.050000000000007,0.24887496709431062,0.0
40,-2.000000000000007,0.24896873695463634,0.0
41,-1.9500000000000073,0.24885955937544885,0.0
42,-1.9000000000000075,0.248510608104692,0.0
43,-1.8500000000000076,0.24788182865017702,0.0
44,-1.8000000000000078,0.24693258997131995,0.0
45,-1.750000000000008,0.24562655221465665,0.0
46,-1.7000000000000082,0.24393968821645293,0.0
47,-1.6500000000000083,0.24187258152053642,0.0
48,-1.6000000000000085,0.23946826198587018,0.0
49,-1.5500000000000087,0.23683690217419998,0.0
50,-1.5000000000000089,0.23418868239264362,0.0
51,-1.450000000000009,0.23187609952519633,0.0
52,-1.4000000000000092,0.23044707910227324,0.0
53,-1.3500000000000094,0.23071056828289618,0.0
54,-1.3000000000000096,0.23381653514682288,0.0
55,-1.2500000000000098,0.24135059294225494,0.0
56,-1.20000000000001,0.2554335895945858,0.0
57,-1.1500000000000101,0.2787825600067921,0.0
58,-1.1000000000000103,0.31460025490326304,0.0
59,-1.0500000000000105,0.365986037075661,0.0
60,-1.0000000000000107,0.43439198143880065,0.0
61,-0.9500000000000108,0.5169968546112166,0.0
62,-0.900000000000011,0.6045502180385735,0.0
63,-0.8500000000000112,0.6830194167078946,0.0
64,-0.8000000000000114,0.739444535827495,0.0
65,-0.7500000000000115,0.7661845048711213,0.0
66,-0.7000000000000117,0.7601306284039586,0.0
67,-0.6500000000000119,0.723409435616085,0.0
68,-0.6000000000000121,0.6701959298442841,0.0
69,-0.5500000000000123,0.6234136864457848,0.0
70,-0.5000000000000124,0.5974986311099284,0.0
71,-0.4500000000000126,0.5942765330653753,0.0
72,-0.4000000000000128,0.6102179433292824,0.0
73,-0.35000000000001297,0.6419462203245885,0.0
74,-0.30000000000001315,0.6876053557318124,0.0
75,-0.2500000000000133,0.7424944889818234,0.0
76,-0.2000000000000135,0.7933226659403881,0.0
77,-0.15000000000001368,0.8240642729592325,0.0
78,-0.10000000000001386,0.8223559118525031,0.0
79,-0.05000000000001403,0.7587233969481388,0.0
80,-1.4210854715202004e-14,0.5357774330039696,0.0
81,0.04999999999998561,0.15485539187099456,0.0
82,0.09999999999998543,0.008143188790160934,0.0
83,0.14999999999998526,0.0,0.0
84,0.19999999999998508,0.02797881005293664,0.0
85,0.2499999999999849,0.11691954555186185,0.0
86,0.2999999999999847,0.3577591037150978,0.0
87,0.34999999999998455,0.7540560600057639,0.0
88,0.39999999999998437,0.9340188947550809,0.0
89,0.4499999999999842,0.9688451236439091,0.0
90,0.499999999999984,0.9492325147882339,0.0
91,0.5499999999999838,0.9288282275937876,0.0
92,0.5999999999999837,0.9187147590232516,0.0
93,0.6499999999999835,0.9242215840681833,0.0
94,0.6999999999999833,0.9462792073357529,0.0
95,0.7499999999999831,0.9752818971903994,0.0
96,0.799999999999983,0.9927965329435546,0.0
97,0.8499999999999828,0.9987124524312404,0.0
98,0.8999999999999826,0.9999999999999989,0.0
99,0.9499999999999824,0.9995452538262061,0.0
100,0.9999999999999822,0.9981719676299763,0.0
101,1.049999999999982,0.9961189740077713,0.0
102,1.0999999999999819,0.9934177375607742,0.0
103,1.1499999999999817,0.9899683032007465,0.0
104,1.1999999999999815,0.9855507232687694,0.0
105,1.2499999999999813,0.9798248920038433,0.0
106,1.2999999999999812,0.9723344737697315,0.0
107,1.349999999999981,0.9625237288235295,0.0
108,1.3999999999999808,0.949781498739616,0.0
109,1.4499999999999806,0.9335688107507087,0.0
110,1.4999999999999805,0.9137950269150352,0.0
111,1.5499999999999803,0.8916604368273193,0.0
112,1.59999999999998,0.8706678013242822,0.0
113,1.64999999999998,0.8562316510665615,0.0
114,1.6999999999999797,0.8522143762409456,0.0
115,1.7499999999999796,0.8555067079254244,0.0
116,1.7999999999999794,0.8557968328305948,0.0
117,1.8499999999999792,0.8441863597831651,0.0
118,1.899999999999979,0.8193429936285542,0.0
119,1.9499999999999789,0.7863748259371054,0.0
120,1.9999999999999787,0.7518650312998746,0.0
121,2.0499999999999785,0.7198873711321606,0.0
122,2.0999999999999783,0.6917078237308942,0.0
123,2.149999999999978,0.6671528455706301,0.0
124,2.199999999999978,0.645636161249204,0.0
125,2.249999999999978,0.6265807670962008,0.0
126,2.2999999999999776,0.609525492761366,0.0
127,2.3499999999999774,0.5941230408144826,0.0
128,2.3999999999999773,0.5801138218470464,0.0
129,2.449999999999977,0.5673010908460858,0.0
130,2.499999999999977,0.5555323858227664,0.0
131,2.5499999999999767,0.5446866363955346,0.0
132,2.5999999999999766,0.5346653678318086,0.0
133,2.6499999999999764,0.5253866721367635,0.0
134,2.699999999999976,0.5167810207771973,0.0
135,2.749999999999976,0.5087883123743984,0.0
136,2.799999999999976,0.5013557626877202,0.0
137,2.8499999999999757,0.49443638004682977,0.0
138,2.8999999999999755,0.48798785452847604,0.0
139,2.9499999999999753,0.48197174311429336,0.0
140,2.999999999999975,0.4763528681005107,0.0
141,3.049999999999975,0.4710988695213628,0.0
142,3.0999999999999748,0.4661798686217927,0.0
143,3.1499999999999746,0.46156821101517076,0.0
144,3.1999999999999744,0.45723826661071587,0.0
145,3.2499999999999742,0.45316626963403017,0.0
146,3.299999999999974,0.4493301867015107,0.0
147,3.349999999999974,0.4457096043583205,0.0
148,3.3999999999999737,0.4422856300441654,0.0
149,3.4499999999999735,0.4390408023284796,0.0
150,3.4999999999999734,0.43595900762071343,0.0
151,3.549999999999973,0.4330254015387572,0.0
152,3.599999999999973,0.4302263338060077,0.0
153,3.649999999999973,0.42754927602049314,0.0
154,3.6999999999999726,0.4249827519551921,0.0
155,3.7499999999999725,0.42251627025097327,0.0
156,3.7999999999999723,0.4201402594855989,0.0
157,3.849999999999972,0.417846005668306,0.0
158,3.899999999999972,0.41562559223807327,0.0
159,3.9499999999999718,0.4134718426475981,0.0
0,-4.0,0.9224952811316838,1.0
1,-3.95,0.9171936074518746,1.0
2,-3.9000000000000004,0.9107167668099048,1.0
3,-3.8500000000000005,0.9028063102337434,1.0
4,-3.8000000000000007,0.8931613502117132,1.0
5,-3.750000000000001,0.881465320719684,1.0
6,-3.700000000000001,0.8674552510153882,1.0
7,-3.6500000000000012,0.8510551899273626,1.0
8,-3.6000000000000014,0.8325738048387737,1.0
9,-3.5500000000000016,0.8129070445896945,1.0
10,-3.5000000000000018,0.7936159113564495,1.0
11,-3.450000000000002,0.7767622407023689,1.0
12,-3.400000000000002,0.7645629915272345,1.0
13,-3.3500000000000023,0.7591568046967492,1.0
14,-3.3000000000000025,0.76277860233059,1.0
15,-3.2500000000000027,0.7782299040836415,1.0
16,-3.200000000000003,0.8088534848246602,1.0
17,-3.150000000000003,0.856631535482006,1.0
18,-3.100000000000003,0.9146429818788685,1.0
19,-3.0500000000000034,0.9594416318933043,1.0
20,-3.0000000000000036,0.9813260088694449,1.0
21,-2.9500000000000037,0.9906723379458263,1.0
22,-2.900000000000004,0.9949975228642314,1.0
23,-2.850000000000004,0.9971925426424475,1.0
24,-2.8000000000000043,0.9984339532864114,1.0
25,-2.7500000000000044,0.9993840780939164,1.0
26,-2.7000000000000046,0.9999999999999991,1.0
27,-2.650000000000005,0.9990012034212817,1.0
28,-2.600000000000005,0.9931547525853133,1.0
29,-2.550000000000005,0.970134113439871,1.0
30,-2.5000000000000053,0.8698679772834811,1.0
31,-2.4500000000000055,0.574068728557519,1.0
32,-2.4000000000000057,0.3059549674207587,1.0
33,-2.350000000000006,0.22080174233217495,1.0
34,-2.300000000000006,0.2359428605400482,1.0
35,-2.250000000000006,0.31377044240201385,1.0
36,-2.2000000000000064,0.41148716623099335,1.0
37,-2.1500000000000066,0.49125274910516165,1.0
38,-2.1000000000000068,0.5455487742401486,1.0
39,-2.050000000000007,0.5813707723121285,1.0
40,-2.000000000000007,0.6066146539846905,1.0
41,-1.9500000000000073,0.626910443443937,1.0
42,-1.9000000000000075,0.6457870386190873,1.0
43,-1.8500000000000076,0.6652028384902164,1.0
44,-1.8000000000000078,0.6858760812098081,1.0
45,-1.750000000000008,0.7075533514680034,1.0
46,-1.7000000000000082,0.7294240699562415,1.0
47,-1.6500000000000083,0.7506262434598866,1.0
48,-1.6000000000000085,0.770480590464895,1.0
49,-1.5500000000000087,0.7881329272086024,1.0
50,-1.5000000000000089,0.8017152645646416,1.0
51,-1.450000000000009,0.8079253895693534,1.0
52,-1.4000000000000092,0.8046864238803889,1.0
53,-1.3500000000000094,0.7997420497190493,1.0
54,-1.3000000000000096,0.8134925971572673,1.0
55,-1.2500000000000098,0.8521780644223356,1.0
56,-1.20000000000001,0.8918687440505727,1.0
57,-1.1500000000000101,0.9131372556142486,1.0
58,-1.1000000000000103,0.9110370422614598,1.0
59,-1.0500000000000105,0.8755173402447504,1.0
60,-1.0000000000000107,0.7834942972484059,1.0
61,-0.9500000000000108,0.6403704749262085,1.0
62,-0.900000000000011,0.5065725264283119,1.0
63,-0.8500000000000112,0.40755537747380066,1.0
64,-0.8000000000000114,0.33807203770705685,1.0
65,-0.7500000000000115,0.2992484288830505,1.0
66,-0.7000000000000117,0.29597093362960275,1.0
67,-0.6500000000000119,0.32899590927911637,1.0
68,-0.6000000000000121,0.3939326485007199,1.0
69,-0.5500000000000123,0.4809515657582159,1.0
70,-0.5000000000000124,0.5748161394040289,1.0
71,-0.4500000000000126,0.6603243965528223,1.0
72,-0.4000000000000128,0.7294741933233474,1.0
73,-0.35000000000001297,0.7822148287863625,1.0
74,-0.30000000000001315,0.8224284115204116,1.0
75,-0.2500000000000133,0.8544722849353487,1.0
76,-0.2000000000000135,0.8805766486250414,1.0
77,-0.15000000000001368,0.8952190306513287,1.0
78,-0.10000000000001386,0.8729448795635067,1.0
79,-0.05000000000001403,0.7714227863311628,1.0
80,-1.4210854715202004e-14,0.5797499640131644,1.0
81,0.04999999999998561,0.20102615736598345,1.0
82,0.09999999999998543,0.026432400639403185,1.0
83,0.14999999999998526,0.27144276565651465,1.0
84,0.19999999999998508,0.5066451644314739,1.0
85,0.2499999999999849,0.6795298146492833,1.0
86,0.2999999999999847,0.7720143117774488,1.0
87,0.34999999999998455,0.8220304088466581,1.0
88,0.39999999999998437,0.8389896015433883,1.0
89,0.4499999999999842,0.8314231164130216,1.0
90,0.499999999999984,0.8046906617081381,1.0
91,0.5499999999999838,0.7624786020299574,1.0
92,0.5999999999999837,0.708900962188965,1.0
93,0.6499999999999835,0.6484324942916421,1.0
94,0.6999999999999833,0.5855013991809328,1.0
95,0.7499999999999831,0.5254494147527299,1.0
96,0.799999999999983,0.4740726353987249,1.0
97,0.8499999999999828,0.4299214663921363,1.0
98,0.8999999999999826,0.3696249644074447,1.0
99,0.9499999999999824,0.26598903625838594,1.0
100,0.9999999999999822,0.16225475761821,1.0
101,1.049999999999982,0.0952424597408855,1.0
102,1.0999999999999819,0.05666856014524582,1.0
103,1.1499999999999817,0.038322321382071194,1.0
104,1.1999999999999815,0.02758235235826746,1.0
105,1.2499999999999813,0.01777162048559981,1.0
106,1.2999999999999812,0.008860481786507956,1.0
107,1.349999999999981,0.002590199058002889,1.0
108,1.3999999999999808,0.0,1.0
109,1.4499999999999806,0.001331904362425681,1.0
110,1.4999999999999805,0.006494957597800036,1.0
111,1.5499999999999803,0.015368880339208465,1.0
112,1.59999999999998,0.02790353273133314,1.0
113,1.64999999999998,0.04410246081440821,1.0
114,1.6999999999999797,0.06395706512656939,1.0
115,1.7499999999999796,0.08737079611207102,1.0
116,1.7999999999999794,0.11409530196687129,1.0
117,1.8499999999999792,0.14367958292425412,1.0
118,1.899999999999979,0.17541254889632518,1.0
119,1.9499999999999789,0.20825269653959483,1.0
120,1.9999999999999787,0.2408018016404178,1.0
121,2.0499999999999785,0.2714194171011,1.0
122,2.0999999999999783,0.2984991505909843,1.0
123,2.149999999999978,0.3207926800837716,1.0
124,2.199999999999978,0.33762849126924144,1.0
125,2.249999999999978,0.3489592723423224,1.0
126,2.2999999999999776,0.35527316600067,1.0
127,2.3499999999999774,0.35743789553672833,1.0
128,2.3999999999999773,0.35652811926763367,1.0
129,2.449999999999977,0.3536617959594364,1.0
130,2.499999999999977,0.3498616193808277,1.0
131,2.5499999999999767,0.34595611363562906,1.0
132,2.5999999999999766,0.34252987563785353,1.0
133,2.6499999999999764,0.3399212151112533,1.0
134,2.699999999999976,0.3382541820029333,1.0
135,2.749999999999976,0.3374867677723599,1.0
136,2.799999999999976,0.3374585878543693,1.0
137,2.8499999999999757,0.337926109751948,1.0
138,2.8999999999999755,0.3385777877461858,1.0
139,2.9499999999999753,0.3390240225228982,1.0
140,2.999999999999975,0.3387596099748224,1.0
141,3.049999999999975,0.33710432678999963,1.0
142,3.0999999999999748,0.3331469712563157,1.0
143,3.1499999999999746,0.3257500395414267,1.0
144,3.1999999999999744,0.3136945320868851,1.0
145,3.2499999999999742,0.29600222774614315,1.0
146,3.299999999999974,0.2723256023923509,1.0
147,3.349999999999974,0.2431548063205865,1.0
148,3.3999999999999737,0.20972387205632273,1.0
149,3.4499999999999735,0.1738463487367201,1.0
150,3.4999999999999734,0.13785640804533494,1.0
151,3.549999999999973,0.10436018726390524,1.0
152,3.599999999999973,0.07559490334386564,1.0
153,3.649999999999973,0.05282317172258105,1.0
154,3.6999999999999726,0.036230212051484724,1.0
155,3.7499999999999725,0.025251248694782652,1.0
156,3.7999999999999723,0.018984094055105115,1.0
157,3.849999999999972,0.016476483461566514,1.0
158,3.899999999999972,0.01686542686331099,1.0
159,3.9499999999999718,0.019420927415965447,1.0
0,-4.0,0.6108135220616965,2.0
1,-3.95,0.6113141264020899,2.0
2,-3.9000000000000004,0.6119218380277646,2.0
3,-3.8500000000000005,0.6126471406118499,2.0
4,-3.8000000000000007,0.6135013884175105,2.0
5,-3.750000000000001,0.6144968702113893,2.0
6,-3.700000000000001,0.6156468664798793,2.0
7,-3.6500000000000012,0.6169656967982049,2.0
8,-3.6000000000000014,0.6184687535667103,2.0
9,-3.5500000000000016,0.620172517623327,2.0
10,-3.5000000000000018,0.6220945504797936,2.0
11,-3.450000000000002,0.6242534571373579,2.0
12,-3.400000000000002,0.626668812656507,2.0
13,-3.3500000000000023,0.6293610449457392,2.0
14,-3.3000000000000025,0.6323512656814839,2.0
15,-3.2500000000000027,0.6356610409874072,2.0
16,-3.200000000000003,0.639312093627743,2.0
17,-3.150000000000003,0.6433259291736592,2.0
18,-3.100000000000003,0.6477233800706877,2.0
19,-3.0500000000000034,0.6525240639590131,2.0
20,-3.0000000000000036,0.6577457561470239,2.0
21,-2.9500000000000037,0.6634036809289966,2.0
22,-2.900000000000004,0.6695097324960299,2.0
23,-2.850000000000004,0.6760716434117319,2.0
24,-2.8000000000000043,0.6830921267473797,2.0
25,-2.7500000000000044,0.6905680265612211,2.0
26,-2.7000000000000046,0.6984895198697033,2.0
27,-2.650000000000005,0.7068394208712481,2.0
28,-2.600000000000005,0.7155926441194802,2.0
29,-2.550000000000005,0.7247158866636874,2.0
30,-2.5000000000000053,0.7341675887528053,2.0
31,-2.4500000000000055,0.7438982270876541,2.0
32,-2.4000000000000057,0.7538509819327519,2.0
33,-2.350000000000006,0.7639627974765415,2.0
34,-2.300000000000006,0.7741658217000618,2.0
35,-2.250000000000006,0.7843891670531031,2.0
36,-2.2000000000000064,0.7945608786009596,2.0
37,-2.1500000000000066,0.8046099380447028,2.0
38,-2.1000000000000068,0.8144680797582239,2.0
39,-2.050000000000007,0.8240711591397086,2.0
40,-2.000000000000007,0.8333597997903122,2.0
41,-1.9500000000000073,0.8422790477130918,2.0
42,-1.9000000000000075,0.8507767512277623,2.0
43,-1.8500000000000076,0.8588003104232816,2.0
44,-1.8000000000000078,0.8662912072559731,2.0
45,-1.750000000000008,0.8731761789280101,2.0
46,-1.7000000000000082,0.8793527299719112,2.0
47,-1.6500000000000083,0.8846642170384212,2.0
48,-1.6000000000000085,0.8888542929392054,2.0
49,-1.5500000000000087,0.8914774959211971,2.0
50,-1.5000000000000089,0.8917092517394084,2.0
51,-1.450000000000009,0.8879065804224809,2.0
52,-1.4000000000000092,0.8765115132097596,2.0
53,-1.3500000000000094,0.8492308902355312,2.0
54,-1.3000000000000096,0.7871804351403907,2.0
55,-1.2500000000000098,0.6679077688198186,2.0
56,-1.20000000000001,0.5941986797552694,2.0
57,-1.1500000000000101,0.6998337916886058,2.0
58,-1.1000000000000103,0.513440825149188,2.0
59,-1.0500000000000105,0.25936917331323156,2.0
60,-1.0000000000000107,0.15950832211818144,2.0
61,-0.9500000000000108,0.2233455807623698,2.0
62,-0.900000000000011,0.4395031616881486,2.0
63,-0.8500000000000112,0.4704185406992398,2.0
64,-0.8000000000000114,0.5781929266921387,2.0
65,-0.7500000000000115,0.9326607025177996,2.0
66,-0.7000000000000117,0.999999999999999,2.0
67,-0.6500000000000119,0.9766328922877933,2.0
68,-0.6000000000000121,0.8471451507892963,2.0
69,-0.5500000000000123,0.7280700352893938,2.0
70,-0.5000000000000124,0.7165555291418592,2.0
71,-0.4500000000000126,0.692631409444438,2.0
72,-0.4000000000000128,0.6580452865541273,2.0
73,-0.35000000000001297,0.5988916146090372,2.0
74,-0.30000000000001315,0.510773739024803,2.0
75,-0.2500000000000133,0.41928313456019384,2.0
76,-0.2000000000000135,0.3086593946222706,2.0
77,-0.15000000000001368,0.20416713668034675,2.0
78,-0.10000000000001386,0.19181970992204184,2.0
79,-0.05000000000001403,0.22561363365422363,2.0
80,-1.4210854715202004e-14,0.25052795429470937,2.0
81,0.04999999999998561,0.256844391862481,2.0
82,0.09999999999998543,0.2515853601774427,2.0
83,0.14999999999998526,0.24143702390949737,2.0
84,0.19999999999998508,0.23061240026808658,2.0
85,0.2499999999999849,0.22191872414399316,2.0
86,0.2999999999999847,0.21743014231354138,2.0
87,0.34999999999998455,0.21870096358634494,2.0
88,0.39999999999998437,0.22693176024452474,2.0
89,0.4499999999999842,0.2432346275115349,2.0
90,0.499999999999984,0.268764988161345,2.0
91,0.5499999999999838,0.30416828866736434,2.0
92,0.5999999999999837,0.34617799289017676,2.0
93,0.6499999999999835,0.384659657450364,2.0
94,0.6999999999999833,0.40995839943703277,2.0
95,0.7499999999999831,0.41707373695922756,2.0
96,0.799999999999983,0.39919262136765077,2.0
97,0.8499999999999828,0.34139461176551156,2.0
98,0.8999999999999826,0.2370971461945602,2.0
99,0.9499999999999824,0.13153676753529894,2.0
100,0.9999999999999822,0.06732721503630272,2.0
101,1.049999999999982,0.03698531522444757,2.0
102,1.0999999999999819,0.021286963708963144,2.0
103,1.1499999999999817,0.013349145233331233,2.0
104,1.1999999999999815,0.010843576743555407,2.0
105,1.2499999999999813,0.011427937050086571,2.0
106,1.2999999999999812,0.013956863106560361,2.0
107,1.349999999999981,0.018038678006757538,2.0
108,1.3999999999999808,0.02347571528977132,2.0
109,1.4499999999999806,0.029932811175988904,2.0
110,1.4999999999999805,0.03691176331441217,2.0
111,1.5499999999999803,0.04404588493803866,2.0
112,1.59999999999998,0.05139461098998591,2.0
113,1.64999999999998,0.059397305543271633,2.0
114,1.6999999999999797,0.06853133764290698,2.0
115,1.7499999999999796,0.07892455300851957,2.0
116,1.7999999999999794,0.09010947102863305,2.0
117,1.8499999999999792,0.10103447867603911,2.0
118,1.899999999999979,0.11035018405534991,2.0
119,1.9499999999999789,0.11682307631600933,2.0
120,1.9999999999999787,0.1196559184764975,2.0
121,2.0499999999999785,0.11860251275187503,2.0
122,2.0999999999999783,0.11391320934532646,2.0
123,2.149999999999978,0.10620167243222955,2.0
124,2.199999999999978,0.09629662406523483,2.0
125,2.249999999999978,0.08510375078008695,2.0
126,2.2999999999999776,0.07348595400992047,2.0
127,2.3499999999999774,0.0621700409567551,2.0
128,2.3999999999999773,0.05168973162855663,2.0
129,2.449999999999977,0.04237002077261687,2.0
130,2.499999999999977,0.03434796752925948,2.0
131,2.5499999999999767,0.027616419960076972,2.0
132,2.5999999999999766,0.022074751938919064,2.0
133,2.6499999999999764,0.017574231641026207,2.0
134,2.699999999999976,0.01395176725746931,2.0
135,2.749999999999976,0.011051147814744974,2.0
136,2.799999999999976,0.008734002323592662,2.0
137,2.8499999999999757,0.006883682178958189,2.0
138,2.8999999999999755,0.005404971747887216,2.0
139,2.9499999999999753,0.004221747484936227,2.0
140,2.999999999999975,0.0032739163835155886,2.0
141,3.049999999999975,0.00251436176615353,2.0
142,3.0999999999999748,0.0019062319806524008,2.0
143,3.1499999999999746,0.0014206816064308578,2.0
144,3.1999999999999744,0.0010350597114555478,2.0
145,3.2499999999999742,0.0007314903313344874,2.0
146,3.299999999999974,0.0004957761230298476,2.0
147,3.349999999999974,0.0003165586813502938,2.0
148,3.3999999999999737,0.0001846781767481082,2.0
149,3.4499999999999735,9.268568712315595e-05,2.0
150,3.4999999999999734,3.447157670888926e-05,2.0
151,3.549999999999973,4.981704341474281e-06,2.0
152,3.599999999999973,0.0,2.0
153,3.649999999999973,1.598120217081736e-05,2.0
154,3.6999999999999726,4.992156002924676e-05,2.0
155,3.7499999999999725,9.925833473859955e-05,2.0
156,3.7999999999999723,0.00016179120983746785,2.0
157,3.849999999999972,0.00023562042495193486,2.0
158,3.899999999999972,0.00031909772252845006,2.0
159,3.9499999999999718,0.0004107871524285924,2.0
0,-4.0,0.9934812768761547,3.0
1,-3.95,0.9926553767744093,3.0
2,-3.9000000000000004,0.9916847514775453,3.0
3,-3.8500000000000005,0.9905533200045977,3.0
4,-3.8000000000000007,0.9892409009184724,3.0
5,-3.750000000000001,0.9877221817081129,3.0
6,-3.700000000000001,0.9859654430638611,3.0
7,-3.6500000000000012,0.98393100006497,3.0
8,-3.6000000000000014,0.9815693330362277,3.0
9,-3.5500000000000016,0.9788189063145956,3.0
10,-3.5000000000000018,0.9756037227847407,3.0
11,-3.450000000000002,0.9718307496825416,3.0
12,-3.400000000000002,0.9673874959990082,3.0
13,-3.3500000000000023,0.9621402467202457,3.0
14,-3.3000000000000025,0.9559337827173898,3.0
15,-3.2500000000000027,0.9485938306335056,3.0
16,-3.200000000000003,0.9399339211911284,3.0
17,-3.150000000000003,0.9297685863000337,3.0
18,-3.100000000000003,0.9179345169782203,3.0
19,-3.0500000000000034,0.904319922418189,3.0
20,-3.0000000000000036,0.8888994913298507,3.0
21,-2.9500000000000037,0.8717683454506189,3.0
22,-2.900000000000004,0.8531647040061294,3.0
23,-2.850000000000004,0.833470248195091,3.0
24,-2.8000000000000043,0.8131815902230484,3.0
25,-2.7500000000000044,0.7928553521993948,3.0
26,-2.7000000000000046,0.7730391442047935,3.0
27,-2.650000000000005,0.7542058913188382,3.0
28,-2.600000000000005,0.7367068117600185,3.0
29,-2.550000000000005,0.7207507208678648,3.0
30,-2.5000000000000053,0.7064087064263852,3.0
31,-2.4500000000000055,0.6936373087874258,3.0
32,-2.4000000000000057,0.6823112889198822,3.0
33,-2.350000000000006,0.6722579646663869,3.0
34,-2.300000000000006,0.6632874075718258,3.0
35,-2.250000000000006,0.6552153469669176,3.0
36,-2.2000000000000064,0.6478778227503069,3.0
37,-2.1500000000000066,0.6411382473928177,3.0
38,-2.1000000000000068,0.6348885432461433,3.0
39,-2.050000000000007,0.6290464540303493,3.0
40,-2.000000000000007,0.6235510846253227,3.0
41,-1.9500000000000073,0.6183583412152076,3.0
42,-1.9000000000000075,0.6134373863170607,3.0
43,-1.8500000000000076,0.6087686402846958,3.0
44,-1.8000000000000078,0.6043433623514879,3.0
45,-1.750000000000008,0.600164487957353,3.0
46,-1.7000000000000082,0.59624819655451,3.0
47,-1.6500000000000083,0.5926256173291989,3.0
48,-1.6000000000000085,0.589344120151521,3.0
49,-1.5500000000000087,0.5864677583447656,3.0
50,-1.5000000000000089,0.5840766088886429,3.0
51,-1.450000000000009,0.5822649825215045,3.0
52,-1.4000000000000092,0.5811387458037228,3.0
53,-1.3500000000000094,0.580812313372303,3.0
54,-1.3000000000000096,0.5814062503154002,3.0
55,-1.2500000000000098,0.5830469133412006,3.0
56,-1.20000000000001,0.5858702219800183,3.0
57,-1.1500000000000101,0.5900325711306261,3.0
58,-1.1000000000000103,0.5957331456909114,3.0
59,-1.0500000000000105,0.6032534545899727,3.0
60,-1.0000000000000107,0.6130214020499548,3.0
61,-0.9500000000000108,0.6257072489702975,3.0
62,-0.900000000000011,0.6423531278728083,3.0
63,-0.8500000000000112,0.6645151844084026,3.0
64,-0.8000000000000114,0.6943322715552902,3.0
65,-0.7500000000000115,0.734281170793119,3.0
66,-0.7000000000000117,0.7861124901561775,3.0
67,-0.6500000000000119,0.8483724187239436,3.0
68,-0.6000000000000121,0.9132242486867856,3.0
69,-0.5500000000000123,0.9668508591112386,3.0
70,-0.5000000000000124,0.9972848118695653,3.0
71,-0.4500000000000126,0.9999999999999981,3.0
72,-0.4000000000000128,0.9665708979010592,3.0
73,-0.35000000000001297,0.8621443005224969,3.0
74,-0.30000000000001315,0.6412179707485753,3.0
75,-0.2500000000000133,0.3779742997841264,3.0
76,-0.2000000000000135,0.21949072187473145,3.0
77,-0.15000000000001368,0.16438981027645036,3.0
78,-0.10000000000001386,0.12687832860467235,3.0
79,-0.05000000000001403,0.07335966516648708,3.0
80,-1.4210854715202004e-14,0.025351205230100208,3.0
81,0.04999999999998561,0.0,3.0
82,0.09999999999998543,0.00035968881487137767,3.0
83,0.14999999999998526,0.035268179495559354,3.0
84,0.19999999999998508,0.10953688640670663,3.0
85,0.2499999999999849,0.1564995796347834,3.0
86,0.2999999999999847,0.13075434028982763,3.0
87,0.34999999999998455,0.15700063867836286,3.0
88,0.39999999999998437,0.29138823270684605,3.0
89,0.4499999999999842,0.4615193632565975,3.0
90,0.499999999999984,0.5312779274175417,3.0
91,0.5499999999999838,0.5113781277664154,3.0
92,0.5999999999999837,0.46184693747771977,3.0
93,0.6499999999999835,0.4220474627169133,3.0
94,0.6999999999999833,0.4130791781305552,3.0
95,0.7499999999999831,0.441604367389153,3.0
96,0.799999999999983,0.5116152071475721,3.0
97,0.8499999999999828,0.6141200205071651,3.0
98,0.8999999999999826,0.7211982538702262,3.0
99,0.9499999999999824,0.8097032098785616,3.0
100,0.9999999999999822,0.8729569693651559,3.0
101,1.049999999999982,0.9143407210533129,3.0
102,1.0999999999999819,0.9397377823190111,3.0
103,1.1499999999999817,0.954111593187352,3.0
104,1.1999999999999815,0.9606858362497094,3.0
105,1.2499999999999813,0.9610854319868022,3.0
106,1.2999999999999812,0.9556712200545302,3.0
107,1.349999999999981,0.9437919656918234,3.0
108,1.3999999999999808,0.9238916648018608,3.0
109,1.4499999999999806,0.8935240525628156,3.0
110,1.4999999999999805,0.8494479366006897,3.0
111,1.5499999999999803,0.7881760918857185,3.0
112,1.59999999999998,0.7075205092357822,3.0
113,1.64999999999998,0.6092511049509685,3.0
114,1.6999999999999797,0.5012712366744743,3.0
115,1.7499999999999796,0.3961717683476469,3.0
116,1.7999999999999794,0.30569772385113186,3.0
117,1.8499999999999792,0.23586829017364358,3.0
118,1.899999999999979,0.18671161691534693,3.0
119,1.9499999999999789,0.1550564783446742,3.0
120,1.9999999999999787,0.13716781934865704,3.0
121,2.0499999999999785,0.1300766945216165,3.0
122,2.0999999999999783,0.13191649806211458,3.0
123,2.149999999999978,0.1417478676165272,3.0
124,2.199999999999978,0.15918283948330675,3.0
125,2.249999999999978,0.18397486118192946,3.0
126,2.2999999999999776,0.2156580650263559,3.0
127,2.3499999999999774,0.2532996980006112,3.0
128,2.3999999999999773,0.2954305022294358,3.0
129,2.449999999999977,0.340179508934403,3.0
130,2.499999999999977,0.38555797340743875,3.0
131,2.5499999999999767,0.42977149617613153,3.0
132,2.5999999999999766,0.4714442280028571,3.0
133,2.6499999999999764,0.5097040844686783,3.0
134,2.699999999999976,0.5441477872860375,3.0
135,2.749999999999976,0.5747387899754729,3.0
136,2.799999999999976,0.6016885607663307,3.0
137,2.8499999999999757,0.6253521451675828,3.0
138,2.8999999999999755,0.6461497424329697,3.0
139,2.9499999999999753,0.6645140846506759,3.0
140,2.999999999999975,0.6808583569066907,3.0
141,3.049999999999975,0.6955585579014719,3.0
142,3.0999999999999748,0.708945203706414,3.0
143,3.1499999999999746,0.7213007277192741,3.0
144,3.1999999999999744,0.7328602111167938,3.0
145,3.2499999999999742,0.7438140133186143,3.0
146,3.299999999999974,0.7543114781421557,3.0
147,3.349999999999974,0.7644652472456617,3.0
148,3.3999999999999737,0.7743559010048493,3.0
149,3.4499999999999735,0.7840367353517245,3.0
150,3.4999999999999734,0.7935385193813379,3.0
151,3.549999999999973,0.8028740938933655,3.0
152,3.599999999999973,0.8120426834865007,3.0
153,3.649999999999973,0.8210338127926471,3.0
154,3.6999999999999726,0.8298307429095279,3.0
155,3.7499999999999725,0.838413375207596,3.0
156,3.7999999999999723,0.8467606028181349,3.0
157,3.849999999999972,0.8548521213679894,3.0
158,3.899999999999972,0.8626697367543144,3.0
159,3.9499999999999718,0.8701982270063925,3.0
0,-4.0,0.999999999999999,4.0
1,-3.95,0.9998795545522536,4.0
2,-3.9000000000000004,0.9997404574807064,4.0
3,-3.8500000000000005,0.9995798780053565,4.0
4,-3.8000000000000007,0.9993945357806262,4.0
5,-3.750000000000001,0.9991806542907805,4.0
6,-3.700000000000001,0.9989339264767239,4.0
7,-3.6500000000000012,0.998649501712674,4.0
8,-3.6000000000000014,0.9983220034219312,4.0
9,-3.5500000000000016,0.9979455842597914,4.0
10,-3.5000000000000018,0.9975140207608255,4.0
11,-3.450000000000002,0.9970208433224627,4.0
12,-3.400000000000002,0.9964594942472783,4.0
13,-3.3500000000000023,0.9958235110654113,4.0
14,-3.3000000000000025,0.995106746847287,4.0
15,-3.2500000000000027,0.9943036597458887,4.0
16,-3.200000000000003,0.9934097190692163,4.0
17,-3.150000000000003,0.9924219693524828,4.0
18,-3.100000000000003,0.9913397555774258,4.0
19,-3.0500000000000034,0.9901655424692034,4.0
20,-3.0000000000000036,0.9889056766653483,4.0
21,-2.9500000000000037,0.9875708765869636,4.0
22,-2.900000000000004,0.9861762305897154,4.0
23,-2.850000000000004,0.9847405644073842,4.0
24,-2.8000000000000043,0.9832851934266134,4.0
25,-2.7500000000000044,0.9818322519042141,4.0
26,-2.7000000000000046,0.9804029171120563,4.0
27,-2.650000000000005,0.9790158672846295,4.0
28,-2.600000000000005,0.9776862234438367,4.0
29,-2.550000000000005,0.9764250717716739,4.0
30,-2.5000000000000053,0.9752395109440131,4.0
31,-2.4500000000000055,0.9741330687513322,4.0
32,-2.4000000000000057,0.9731063018582802,4.0
33,-2.350000000000006,0.9721574189453785,4.0
34,-2.300000000000006,0.97128282369947,4.0
35,-2.250000000000006,0.9704775344097547,4.0
36,-2.2000000000000064,0.9697354850990252,4.0
37,-2.1500000000000066,0.9690497436848486,4.0
38,-2.1000000000000068,0.968412698119109,4.0
39,-2.050000000000007,0.9678162691342096,4.0
40,-2.000000000000007,0.9672522190294524,4.0
41,-1.9500000000000073,0.9667126570623452,4.0
42,-1.9000000000000075,0.9661909287665696,4.0
43,-1.8500000000000076,0.9656833094487712,4.0
44,-1.8000000000000078,0.9651925649987798,4.0
45,-1.750000000000008,0.9647363340765104,4.0
46,-1.7000000000000082,0.9643693537422816,4.0
47,-1.6500000000000083,0.9642503843567225,4.0
48,-1.6000000000000085,0.9648716769356378,4.0
49,-1.5500000000000087,0.9678204487507496,4.0
50,-1.5000000000000089,0.9757888811755262,4.0
51,-1.450000000000009,0.9832495193733637,4.0
52,-1.4000000000000092,0.9853339721101965,4.0
53,-1.3500000000000094,0.9856393363283956,4.0
54,-1.3000000000000096,0.9804407230205571,4.0
55,-1.2500000000000098,0.9511150520041893,4.0
56,-1.20000000000001,0.8623129393289269,4.0
57,-1.1500000000000101,0.7135734587224457,4.0
58,-1.1000000000000103,0.5513455743965904,4.0
59,-1.0500000000000105,0.4075073062494975,4.0
60,-1.0000000000000107,0.2918271420919089,4.0
61,-0.9500000000000108,0.20391615965763127,4.0
62,-0.900000000000011,0.14014312066258106,4.0
63,-0.8500000000000112,0.09703543879592764,4.0
64,-0.8000000000000114,0.07111079440958151,4.0
65,-0.7500000000000115,0.05806221830751962,4.0
66,-0.7000000000000117,0.053747083512777946,4.0
67,-0.6500000000000119,0.05535068261973562,4.0
68,-0.6000000000000121,0.06149886589277755,4.0
69,-0.5500000000000123,0.07200988114294696,4.0
70,-0.5000000000000124,0.0879081241009813,4.0
71,-0.4500000000000126,0.11185886508750574,4.0
72,-0.4000000000000128,0.14907941768603689,4.0
73,-0.35000000000001297,0.20843829744063805,4.0
74,-0.30000000000001315,0.3012397674722094,4.0
75,-0.2500000000000133,0.4302824187393582,4.0
76,-0.2000000000000135,0.5693856357551613,4.0
77,-0.15000000000001368,0.662036958318349,4.0
78,-0.10000000000001386,0.5883651618909177,4.0
79,-0.05000000000001403,0.18748653695206435,4.0
80,-1.4210854715202004e-14,0.05270629204546808,4.0
81,0.04999999999998561,0.02486893171265271,4.0
82,0.09999999999998543,0.0184894601132469,4.0
83,0.14999999999998526,0.015600655712778834,4.0
84,0.19999999999998508,0.013541999556899042,4.0
85,0.2499999999999849,0.013172902922688563,4.0
86,0.2999999999999847,0.013418870599426126,4.0
87,0.34999999999998455,0.013497577458784995,4.0
88,0.39999999999998437,0.0135680422196823,4.0
89,0.4499999999999842,0.013653735600807654,4.0
90,0.499999999999984,0.013701827015647136,4.0
91,0.5499999999999838,0.013709219901071422,4.0
92,0.5999999999999837,0.013695278971980697,4.0
93,0.6499999999999835,0.013669527646770603,4.0
94,0.6999999999999833,0.013618671205986397,4.0
95,0.7499999999999831,0.013500798342236378,4.0
96,0.799999999999983,0.01325015560141167,4.0
97,0.8499999999999828,0.012809649398579294,4.0
98,0.8999999999999826,0.012188787024509337,4.0
99,0.9499999999999824,0.011485266417933113,4.0
100,0.9999999999999822,0.010808859028081557,4.0
101,1.049999999999982,0.010150342434830994,4.0
102,1.0999999999999819,0.009283437282936447,4.0
103,1.1499999999999817,0.00783003406146541,4.0
104,1.1999999999999815,0.005714922233325237,4.0
105,1.2499999999999813,0.00355388773845046,4.0
106,1.2999999999999812,0.001996827961501785,4.0
107,1.349999999999981,0.001105003497261167,4.0
108,1.3999999999999808,0.0006469051500762283,4.0
109,1.4499999999999806,0.0004190778167385373,4.0
110,1.4999999999999805,0.00030262912255879233,4.0
111,1.5499999999999803,0.00023676867993475273,4.0
112,1.59999999999998,0.00019255777871111712,4.0
113,1.64999999999998,0.00015722475776740232,4.0
114,1.6999999999999797,0.0001258074299510022,4.0
115,1.7499999999999796,9.690806941588789e-05,4.0
116,1.7999999999999794,7.061707484677393e-05,4.0
117,1.8499999999999792,4.754127041531559e-05,4.0
118,1.899999999999979,2.8378139905394258e-05,4.0
119,1.9499999999999789,1.3750910210038846e-05,4.0
120,1.9999999999999787,4.162576109355189e-06,4.0
121,2.0499999999999785,0.0,4.0
122,2.0999999999999783,1.5557088423755158e-06,4.0
123,2.149999999999978,9.052872353928156e-06,4.0
124,2.199999999999978,2.266747878738142e-05,4.0
125,2.249999999999978,4.254565451435624e-05,4.0
126,2.2999999999999776,6.881577081192889e-05,4.0
127,2.3499999999999774,0.00010159562123241412,4.0
128,2.3999999999999773,0.00014099511404080841,4.0
129,2.449999999999977,0.00018711488932132133,4.0
130,2.499999999999977,0.00024004117788077944,4.0
131,2.5499999999999767,0.0002998371376153863,4.0
132,2.5999999999999766,0.00036653086776555836,4.0
133,2.6499999999999764,0.00044010033129586104,4.0
134,2.699999999999976,0.0005204555199806681,4.0
135,2.749999999999976,0.0006074183775748334,4.0
136,2.799999999999976,0.0007007012471229716,4.0
137,2.8499999999999757,0.0007998849118605101,4.0
138,2.8999999999999755,0.0009043976257117269,4.0
139,2.9499999999999753,0.0010134968366381793,4.0
140,2.999999999999975,0.001126255540828184,4.0
141,3.049999999999975,0.001241555309506089,4.0
142,3.0999999999999748,0.0013580879481405927,4.0
143,3.1499999999999746,0.0014743674401198432,4.0
144,3.1999999999999744,0.0015887532799676778,4.0
145,3.2499999999999742,0.0016994855363834513,4.0
146,3.299999999999974,0.0018047310621655543,4.0
147,3.349999999999974,0.0019026392786446818,4.0
148,3.3999999999999737,0.001991405018770891,4.0
149,3.4499999999999735,0.002069335129121586,4.0
150,3.4999999999999734,0.002134915002391966,4.0
151,3.549999999999973,0.0021868710001117365,4.0
152,3.599999999999973,0.00222422485039362,4.0
153,3.649999999999973,0.002246336547193195,4.0
154,3.6999999999999726,0.0022529329846924582,4.0
155,3.7499999999999725,0.002244120464179259,4.0
156,3.7999999999999723,0.0022203802370071,4.0
157,3.849999999999972,0.002182547323877441,4.0
158,3.899999999999972,0.0021317739095280453,4.0
159,3.9499999999999718,0.0020694795857518736,4.0
0,-4.0,0.9999999999999992,5.0
1,-3.95,0.9959522564082421,5.0
2,-3.9000000000000004,0.9913280815535515,5.0
3,-3.8500000000000005,0.9861059777975658,5.0
4,-3.8000000000000007,0.9802542792242767,5.0
5,-3.750000000000001,0.9737327154526738,5.0
6,-3.700000000000001,0.9664945229574029,5.0
7,-3.6500000000000012,0.9584892860763002,5.0
8,-3.6000000000000014,0.9496666781771883,5.0
9,-3.5500000000000016,0.9399812230653997,5.0
10,-3.5000000000000018,0.9293980845456776,5.0
11,-3.450000000000002,0.9178996946157723,5.0
12,-3.400000000000002,0.9054927348496928,5.0
13,-3.3500000000000023,0.8922146061020831,5.0
14,-3.3000000000000025,0.8781381243186771,5.0
15,-3.2500000000000027,0.8633728980487289,5.0
16,-3.200000000000003,0.8480618697896707,5.0
17,-3.150000000000003,0.8323720415957296,5.0
18,-3.100000000000003,0.8164795678175399,5.0
19,-3.0500000000000034,0.8005510868153728,5.0
20,-3.0000000000000036,0.7847250014261233,5.0
21,-2.9500000000000037,0.7690977996087247,5.0
22,-2.900000000000004,0.7537207904727681,5.0
23,-2.850000000000004,0.7386113930448609,5.0
24,-2.8000000000000043,0.7237803380674701,5.0
25,-2.7500000000000044,0.7092722592728595,5.0
26,-2.7000000000000046,0.6952129756484018,5.0
27,-2.650000000000005,0.6818533999358872,5.0
28,-2.600000000000005,0.6695986639201217,5.0
29,-2.550000000000005,0.6590126162802671,5.0
30,-2.5000000000000053,0.6507921181468126,5.0
31,-2.4500000000000055,0.6457106340693133,5.0
32,-2.4000000000000057,0.6445334510040195,5.0
33,-2.350000000000006,0.6479055978447128,5.0
34,-2.300000000000006,0.6562111919775779,5.0
35,-2.250000000000006,0.6694115134636871,5.0
36,-2.2000000000000064,0.6869124301203937,5.0
37,-2.1500000000000066,0.7076189768125208,5.0
38,-2.1000000000000068,0.7304971483150139,5.0
39,-2.050000000000007,0.7559634214895982,5.0
40,-2.000000000000007,0.7871747866127253,5.0
41,-1.9500000000000073,0.8245701729851562,5.0
42,-1.9000000000000075,0.8410595256390127,5.0
43,-1.8500000000000076,0.7588666959933932,5.0
44,-1.8000000000000078,0.4536361993122328,5.0
45,-1.750000000000008,0.07361021576566486,5.0
46,-1.7000000000000082,0.03669896714528961,5.0
47,-1.6500000000000083,0.07464374013077457,5.0
48,-1.6000000000000085,0.11245562701140849,5.0
49,-1.5500000000000087,0.22369919519087392,5.0
50,-1.5000000000000089,0.3720713724466989,5.0
51,-1.450000000000009,0.49413039947659565,5.0
52,-1.4000000000000092,0.572123194799807,5.0
53,-1.3500000000000094,0.594127250251634,5.0
54,-1.3000000000000096,0.5802258814098119,5.0
55,-1.2500000000000098,0.5968178396818059,5.0
56,-1.20000000000001,0.6629509162140387,5.0
57,-1.1500000000000101,0.738898012644583,5.0
58,-1.1000000000000103,0.7965292973388592,5.0
59,-1.0500000000000105,0.8312423495272191,5.0
60,-1.0000000000000107,0.8463524464371565,5.0
61,-0.9500000000000108,0.846093617664579,5.0
62,-0.900000000000011,0.8351979884181948,5.0
63,-0.8500000000000112,0.8186656981338881,5.0
64,-0.8000000000000114,0.8007301921501171,5.0
65,-0.7500000000000115,0.7844131369498,5.0
66,-0.7000000000000117,0.7719203116190105,5.0
67,-0.6500000000000119,0.7650383682579056,5.0
68,-0.6000000000000121,0.7647508777875252,5.0
69,-0.5500000000000123,0.7695695158688554,5.0
70,-0.5000000000000124,0.7729157216955796,5.0
71,-0.4500000000000126,0.7621127927018765,5.0
72,-0.4000000000000128,0.7220551097439064,5.0
73,-0.35000000000001297,0.6417344268293891,5.0
74,-0.30000000000001315,0.5194035384951246,5.0
75,-0.2500000000000133,0.36770114677428795,5.0
76,-0.2000000000000135,0.2212473212728542,5.0
77,-0.15000000000001368,0.13315796189044202,5.0
78,-0.10000000000001386,0.1705517313496867,5.0
79,-0.05000000000001403,0.3820396369570002,5.0
80,-1.4210854715202004e-14,0.594951479072754,5.0
81,0.04999999999998561,0.7073878607935103,5.0
82,0.09999999999998543,0.7622416205721695,5.0
83,0.14999999999998526,0.795313045213187,5.0
84,0.19999999999998508,0.8196895821360514,5.0
85,0.2499999999999849,0.8358158111801339,5.0
86,0.2999999999999847,0.8402211264738735,5.0
87,0.34999999999998455,0.8288784852735693,5.0
88,0.39999999999998437,0.7966908532446304,5.0
89,0.4499999999999842,0.735122499911111,5.0
90,0.499999999999984,0.6310518799214447,5.0
91,0.5499999999999838,0.4973539265755296,5.0
92,0.5999999999999837,0.4427703948826771,5.0
93,0.6499999999999835,0.5322202898086393,5.0
94,0.6999999999999833,0.6863687756815954,5.0
95,0.7499999999999831,0.8119675014065929,5.0
96,0.799999999999983,0.8871688139823586,5.0
97,0.8499999999999828,0.9269672614963665,5.0
98,0.8999999999999826,0.9466473041761131,5.0
99,0.9499999999999824,0.9553343092252983,5.0
100,0.9999999999999822,0.9580433184595338,5.0
101,1.049999999999982,0.9575748989993013,5.0
102,1.0999999999999819,0.9555087165468321,5.0
103,1.1499999999999817,0.952697527314574,5.0
104,1.1999999999999815,0.9495366387131405,5.0
105,1.2499999999999813,0.9461315439333081,5.0
106,1.2999999999999812,0.9424130386388565,5.0
107,1.349999999999981,0.938218266216508,5.0
108,1.3999999999999808,0.933344234286735,5.0
109,1.4499999999999806,0.9275778604747962,5.0
110,1.4999999999999805,0.9207079138279418,5.0
111,1.5499999999999803,0.9125254007172794,5.0
112,1.59999999999998,0.9028185183074007,5.0
113,1.64999999999998,0.891366719788464,5.0
114,1.6999999999999797,0.8779367125944257,5.0
115,1.7499999999999796,0.8622819836599936,5.0
116,1.7999999999999794,0.8441468255028063,5.0
117,1.8499999999999792,0.8232756155635866,5.0
118,1.899999999999979,0.7994279690750036,5.0
119,1.9499999999999789,0.7724000459150436,5.0
120,1.9999999999999787,0.7420515125100078,5.0
121,2.0499999999999785,0.7083363306712568,5.0
122,2.0999999999999783,0.671333770657343,5.0
123,2.149999999999978,0.6312742435182639,5.0
124,2.199999999999978,0.5885534588750057,5.0
125,2.249999999999978,0.543728905475542,5.0
126,2.2999999999999776,0.49749527676309496,5.0
127,2.3499999999999774,0.4506399552155818,5.0
128,2.3999999999999773,0.40398473579112104,5.0
129,2.449999999999977,0.3583237126596612,5.0
130,2.499999999999977,0.31436811609153603,5.0
131,2.5499999999999767,0.2727065386854018,5.0
132,2.5999999999999766,0.2337845190211146,5.0
133,2.6499999999999764,0.1979027073264525,5.0
134,2.699999999999976,0.16522944070318993,5.0
135,2.749999999999976,0.13582221717128065,5.0
136,2.799999999999976,0.10965303271238844,5.0
137,2.8499999999999757,0.08663402724138299,5.0
138,2.8999999999999755,0.0666414807517138,5.0
139,2.9499999999999753,0.04953721773265549,5.0
140,2.999999999999975,0.03518647736732172,5.0
141,3.049999999999975,0.02347004175792636,5.0
142,3.0999999999999748,0.014285940825967836,5.0
143,3.1499999999999746,0.007533539680201065,5.0
144,3.1999999999999744,0.003074513342074848,5.0
145,3.2499999999999742,0.0006795715573314662,5.0
146,3.299999999999974,0.0,5.0
147,3.349999999999974,0.000618789532092683,5.0
148,3.3999999999999737,0.0021760188726043994,5.0
149,3.4499999999999735,0.004456510899863409,5.0
150,3.4999999999999734,0.007347589783084806,5.0
151,3.549999999999973,0.0107345043760797,5.0
152,3.599999999999973,0.014456229231187053,5.0
153,3.649999999999973,0.018339606355645646,5.0
154,3.6999999999999726,0.02225090193371918,5.0
155,3.7499999999999725,0.02611993636561575,5.0
156,3.7999999999999723,0.029933895366127814,5.0
157,3.849999999999972,0.033716946551952905,5.0
158,3.899999999999972,0.03750979978372833,5.0
159,3.9499999999999718,0.041355423425960325,5.0
0,-4.0,0.9998248085665407,6.0
1,-3.95,0.9999271296547997,6.0
2,-3.9000000000000004,0.9999863696765281,6.0
3,-3.8500000000000005,0.999999999999995,6.0
4,-3.8000000000000007,0.9999655076150364,6.0
5,-3.750000000000001,0.9998805799823564,6.0
6,-3.700000000000001,0.9997433341949397,6.0
7,-3.6500000000000012,0.9995525865850264,6.0
8,-3.6000000000000014,0.999308150549757,6.0
9,-3.5500000000000016,0.9990111395493388,6.0
10,-3.5000000000000018,0.998664240328274,6.0
11,-3.450000000000002,0.9982719111773521,6.0
12,-3.400000000000002,0.9978404554646156,6.0
13,-3.3500000000000023,0.9973779259741852,6.0
14,-3.3000000000000025,0.9968938336083406,6.0
15,-3.2500000000000027,0.9963986640684344,6.0
16,-3.200000000000003,0.995903242871606,6.0
17,-3.150000000000003,0.9954180230863772,6.0
18,-3.100000000000003,0.9949523909540223,6.0
19,-3.0500000000000034,0.9945140845952211,6.0
20,-3.0000000000000036,0.994108799183919,6.0
21,-2.9500000000000037,0.9937400144070271,6.0
22,-2.900000000000004,0.9934090377404052,6.0
23,-2.850000000000004,0.9931152218030527,6.0
24,-2.8000000000000043,0.9928562942042483,6.0
25,-2.7500000000000044,0.992628736651682,6.0
26,-2.7000000000000046,0.9924281638271225,6.0
27,-2.650000000000005,0.9922496750120146,6.0
28,-2.600000000000005,0.9920881746119756,6.0
29,-2.550000000000005,0.9919386743364887,6.0
30,-2.5000000000000053,0.9917965949178614,6.0
31,-2.4500000000000055,0.9916580772017105,6.0
32,-2.4000000000000057,0.9915202931577768,6.0
33,-2.350000000000006,0.9913817224100552,6.0
34,-2.300000000000006,0.9912423376042129,6.0
35,-2.250000000000006,0.9911036311946885,6.0
36,-2.2000000000000064,0.9909684226686066,6.0
37,-2.1500000000000066,0.9908404068179921,6.0
38,-2.1000000000000068,0.9907234281406552,6.0
39,-2.050000000000007,0.9906204728026164,6.0
40,-2.000000000000007,0.9905323340046537,6.0
41,-1.9500000000000073,0.990455808778025,6.0
42,-1.9000000000000075,0.9903811091207421,6.0
43,-1.8500000000000076,0.990287905833197,6.0
44,-1.8000000000000078,0.9901390716508756,6.0
45,-1.750000000000008,0.9898708435557789,6.0
46,-1.7000000000000082,0.9893782053561297,6.0
47,-1.6500000000000083,0.9884960724837057,6.0
48,-1.6000000000000085,0.9869831719283612,6.0
49,-1.5500000000000087,0.9845305543242482,6.0
50,-1.5000000000000089,0.9808327325920263,6.0
51,-1.450000000000009,0.975703362506501,6.0
52,-1.4000000000000092,0.9690695965541763,6.0
53,-1.3500000000000094,0.9608180459740582,6.0
54,-1.3000000000000096,0.9507526140047883,6.0
55,-1.2500000000000098,0.9386829110286912,6.0
56,-1.20000000000001,0.9244871042381863,6.0
57,-1.1500000000000101,0.9081988766239568,6.0
58,-1.1000000000000103,0.890185274185541,6.0
59,-1.0500000000000105,0.8712541681916252,6.0
60,-1.0000000000000107,0.8524279858617122,6.0
61,-0.9500000000000108,0.8343289421174774,6.0
62,-0.900000000000011,0.8165972425990378,6.0
63,-0.8500000000000112,0.7980214423040124,6.0
64,-0.8000000000000114,0.7774115358298543,6.0
65,-0.7500000000000115,0.754261356191115,6.0
66,-0.7000000000000117,0.7282637278870753,6.0
67,-0.6500000000000119,0.6979184272908459,6.0
68,-0.6000000000000121,0.658939875239019,6.0
69,-0.5500000000000123,0.6023129952503093,6.0
70,-0.5000000000000124,0.5131968978182893,6.0
71,-0.4500000000000126,0.3796156583831329,6.0
72,-0.4000000000000128,0.22443248385603015,6.0
73,-0.35000000000001297,0.10888065384252424,6.0
74,-0.30000000000001315,0.05138327965330477,6.0
75,-0.2500000000000133,0.015851613524022753,6.0
76,-0.2000000000000135,0.0,6.0
77,-0.15000000000001368,0.031038578415762016,6.0
78,-0.10000000000001386,0.08547772752230624,6.0
79,-0.05000000000001403,0.1329754018439165,6.0
80,-1.4210854715202004e-14,0.17207462346317787,6.0
81,0.04999999999998561,0.20605271166153152,6.0
82,0.09999999999998543,0.23105278542838012,6.0
83,0.14999999999998526,0.24865124965391078,6.0
84,0.19999999999998508,0.26657942723546413,6.0
85,0.2499999999999849,0.29035299602956904,6.0
86,0.2999999999999847,0.3201168109706169,6.0
87,0.34999999999998455,0.3535805329167569,6.0
88,0.39999999999998437,0.3892274813481236,6.0
89,0.4499999999999842,0.427161729169138,6.0
90,0.499999999999984,0.4682289523333081,6.0
91,0.5499999999999838,0.5121073652353532,6.0
92,0.5999999999999837,0.5553644025784159,6.0
93,0.6499999999999835,0.592446295224766,6.0
94,0.6999999999999833,0.6191015969189965,6.0
95,0.7499999999999831,0.6313950194301932,6.0
96,0.799999999999983,0.6247049013948828,6.0
97,0.8499999999999828,0.5979544443372998,6.0
98,0.8999999999999826,0.5559498934619728,6.0
99,0.9499999999999824,0.5077779528563022,6.0
100,0.9999999999999822,0.4624308082809586,6.0
101,1.049999999999982,0.42495751979444785,6.0
102,1.0999999999999819,0.3963924227715415,6.0
103,1.1499999999999817,0.37598077945827146,6.0
104,1.1999999999999815,0.36279692165289457,6.0
105,1.2499999999999813,0.3561297946900129,6.0
106,1.2999999999999812,0.3553367794540036,6.0
107,1.349999999999981,0.359692547436001,6.0
108,1.3999999999999808,0.36835525927183094,6.0
109,1.4499999999999806,0.38040377302084455,6.0
110,1.4999999999999805,0.3948911002720176,6.0
111,1.5499999999999803,0.41089257027518833,6.0
112,1.59999999999998,0.4275503040132181,6.0
113,1.64999999999998,0.44412084783472805,6.0
114,1.6999999999999797,0.46002761069748604,6.0
115,1.7499999999999796,0.47491220853575306,6.0
116,1.7999999999999794,0.48867324661629447,6.0
117,1.8499999999999792,0.5014784339827897,6.0
118,1.899999999999979,0.513736234488396,6.0
119,1.9499999999999789,0.5260175395823387,6.0
120,1.9999999999999787,0.5389277447857307,6.0
121,2.0499999999999785,0.5529443947492944,6.0
122,2.0999999999999783,0.5682491262192675,6.0
123,2.149999999999978,0.5845849309918548,6.0
124,2.199999999999978,0.6011557337326221,6.0
125,2.249999999999978,0.6165675970772555,6.0
126,2.2999999999999776,0.6288157474310235,6.0
127,2.3499999999999774,0.6353417670304627,6.0
128,2.3999999999999773,0.6331432326984777,6.0
129,2.449999999999977,0.6187737943543453,6.0
130,2.499999999999977,0.5879419642440712,6.0
131,2.5499999999999767,0.5345216879640152,6.0
132,2.5999999999999766,0.4504477586037292,6.0
133,2.6499999999999764,0.33455558055331086,6.0
134,2.699999999999976,0.2137979593077295,6.0
135,2.749999999999976,0.13005147585664217,6.0
136,2.799999999999976,0.09066006630767692,6.0
137,2.8499999999999757,0.07504273903309686,6.0
138,2.8999999999999755,0.06617804224089349,6.0
139,2.9499999999999753,0.05797982328114574,6.0
140,2.999999999999975,0.05062362670120352,6.0
141,3.049999999999975,0.045999501228178356,6.0
142,3.0999999999999748,0.045322024294561475,6.0
143,3.1499999999999746,0.048550452873696956,6.0
144,3.1999999999999744,0.054772133330927036,6.0
145,3.2499999999999742,0.06277297342885833,6.0
146,3.299999999999974,0.07143297887434212,6.0
147,3.349999999999974,0.07990129545010626,6.0
148,3.3999999999999737,0.0876223193161051,6.0
149,3.4499999999999735,0.09429051565792732,6.0
150,3.4999999999999734,0.0997846960391543,6.0
151,3.549999999999973,0.10410669698973798,6.0
152,3.599999999999973,0.10733313091902733,6.0
153,3.649999999999973,0.10958087055857828,6.0
154,3.6999999999999726,0.11098391921700806,6.0
155,3.7499999999999725,0.11167874408428997,6.0
156,3.7999999999999723,0.11179552097863718,6.0
157,3.849999999999972,0.11145334419105245,6.0
158,3.899999999999972,0.11075801364905602,6.0
159,3.9499999999999718,0.10980144570248945,6.0
0,-4.0,0.9999685081297852,7.0
1,-3.95,0.9999715557378418,7.0
2,-3.9000000000000004,0.9999744570530746,7.0
3,-3.8500000000000005,0.999977214178858,7.0
4,-3.8000000000000007,0.9999798286962955,7.0
5,-3.750000000000001,0.9999823015811804,7.0
6,-3.700000000000001,0.9999846331084049,7.0
7,-3.6500000000000012,0.9999868227406107,7.0
8,-3.6000000000000014,0.9999888689970517,7.0
9,-3.5500000000000016,0.999990769297538,7.0
10,-3.5000000000000018,0.9999925197749082,7.0
11,-3.450000000000002,0.9999941150475882,7.0
12,-3.400000000000002,0.9999955479412745,7.0
13,-3.3500000000000023,0.9999968091453958,7.0
14,-3.3000000000000025,0.999997886785413,7.0
15,-3.2500000000000027,0.9999987658857336,7.0
16,-3.200000000000003,0.9999994276893257,7.0
17,-3.150000000000003,0.9999998487879742,7.0
18,-3.100000000000003,0.9999999999999973,7.0
19,-3.0500000000000034,0.9999998449077807,7.0
20,-3.0000000000000036,0.9999993379321734,7.0
21,-2.9500000000000037,0.9999984217691441,7.0
22,-2.900000000000004,0.9999970239376591,7.0
23,-2.850000000000004,0.9999950520729978,7.0
24,-2.8000000000000043,0.9999923874251962,7.0
25,-2.7500000000000044,0.999988875752967,7.0
26,-2.7000000000000046,0.9999843143817149,7.0
27,-2.650000000000005,0.9999784335241011,7.0
28,-2.600000000000005,0.9999708688809557,7.0
29,-2.550000000000005,0.9999611207728996,7.0
30,-2.5000000000000053,0.999948492124615,7.0
31,-2.4500000000000055,0.9999319927188964,7.0
32,-2.4000000000000057,0.999910188864519,7.0
33,-2.350000000000006,0.9998809636575184,7.0
34,-2.300000000000006,0.9998411296788247,7.0
35,-2.250000000000006,0.9997857980767385,7.0
36,-2.2000000000000064,0.9997073502871933,7.0
37,-2.1500000000000066,0.9995937827173039,7.0
38,-2.1000000000000068,0.999426130203248,7.0
39,-2.050000000000007,0.9991747290368642,7.0
40,-2.000000000000007,0.9987945243929626,7.0
41,-1.9500000000000073,0.9982209272073315,7.0
42,-1.9000000000000075,0.9973702338721302,7.0
43,-1.8500000000000076,0.9961514345905901,7.0
44,-1.8000000000000078,0.9944955511414517,7.0
45,-1.750000000000008,0.9923987173062726,7.0
46,-1.7000000000000082,0.9899564552667154,7.0
47,-1.6500000000000083,0.9873557076653703,7.0
48,-1.6000000000000085,0.9848111104197208,7.0
49,-1.5500000000000087,0.9824764903202781,7.0
50,-1.5000000000000089,0.9803865630706459,7.0
51,-1.450000000000009,0.9784545008443153,7.0
52,-1.4000000000000092,0.9764918418236106,7.0
53,-1.3500000000000094,0.974179222518104,7.0
54,-1.3000000000000096,0.970915136763955,7.0
55,-1.2500000000000098,0.9653563160350426,7.0
56,-1.20000000000001,0.9534440751630029,7.0
57,-1.1500000000000101,0.9204563148701262,7.0
58,-1.1000000000000103,0.8412468540133815,7.0
59,-1.0500000000000105,0.7739025927919151,7.0
60,-1.0000000000000107,0.7722829520092043,7.0
61,-0.9500000000000108,0.7836986968878782,7.0
62,-0.900000000000011,0.7825247293370365,7.0
63,-0.8500000000000112,0.7680032733873952,7.0
64,-0.8000000000000114,0.7424476187010787,7.0
65,-0.7500000000000115,0.7053182813762096,7.0
66,-0.7000000000000117,0.6504024644537645,7.0
67,-0.6500000000000119,0.5607195870226845,7.0
68,-0.6000000000000121,0.40622054251056633,7.0
69,-0.5500000000000123,0.20439027073793922,7.0
70,-0.5000000000000124,0.08588743630384008,7.0
71,-0.4500000000000126,0.057092879942048404,7.0
72,-0.4000000000000128,0.06558111060347364,7.0
73,-0.35000000000001297,0.14896183617746,7.0
74,-0.30000000000001315,0.36714245598550554,7.0
75,-0.2500000000000133,0.5323671968954585,7.0
76,-0.2000000000000135,0.6037176101322949,7.0
77,-0.15000000000001368,0.6487688014172972,7.0
78,-0.10000000000001386,0.6808334319706347,7.0
79,-0.05000000000001403,0.706034755934618,7.0
80,-1.4210854715202004e-14,0.7546115519437198,7.0
81,0.04999999999998561,0.8204036862915729,7.0
82,0.09999999999998543,0.8936731906854936,7.0
83,0.14999999999998526,0.9630744135664531,7.0
84,0.19999999999998508,0.9885720960602011,7.0
85,0.2499999999999849,0.9944528828514542,7.0
86,0.2999999999999847,0.9961970367754963,7.0
87,0.34999999999998455,0.9968645566381331,7.0
88,0.39999999999998437,0.9970230778838871,7.0
89,0.4499999999999842,0.9964377134388144,7.0
90,0.499999999999984,0.992906794404116,7.0
91,0.5499999999999838,0.9745337268241316,7.0
92,0.5999999999999837,0.915815883013302,7.0
93,0.6499999999999835,0.8209815856246162,7.0
94,0.6999999999999833,0.7172572250251302,7.0
95,0.7499999999999831,0.6427664537421535,7.0
96,0.799999999999983,0.6432415596300127,7.0
97,0.8499999999999828,0.7470771472454303,7.0
98,0.8999999999999826,0.8602091758716002,7.0
99,0.9499999999999824,0.7678030257375389,7.0
100,0.9999999999999822,0.83073378753226,7.0
101,1.049999999999982,0.9079638742143314,7.0
102,1.0999999999999819,0.9301075062055957,7.0
103,1.1499999999999817,0.9286440499511507,7.0
104,1.1999999999999815,0.899200581765916,7.0
105,1.2499999999999813,0.7996897769513306,7.0
106,1.2999999999999812,0.5777861405768343,7.0
107,1.349999999999981,0.33263760106649953,7.0
108,1.3999999999999808,0.18219429783074548,7.0
109,1.4499999999999806,0.11020665419732557,7.0
110,1.4999999999999805,0.07937358273327877,7.0
111,1.5499999999999803,0.05669040878588275,7.0
112,1.59999999999998,0.03159293240005937,7.0
113,1.64999999999998,0.01591046717166119,7.0
114,1.6999999999999797,0.008513700955083853,7.0
115,1.7499999999999796,0.00514124853137105,7.0
116,1.7999999999999794,0.003460293673969857,7.0
117,1.8499999999999792,0.0024983900711086806,7.0
118,1.899999999999979,0.0018568301133552265,7.0
119,1.9499999999999789,0.001369333640406569,7.0
120,1.9999999999999787,0.000971146624887897,7.0
121,2.0499999999999785,0.0006444007980809612,7.0
122,2.0999999999999783,0.0003905159538756953,7.0
123,2.149999999999978,0.0002127586622985264,7.0
124,2.199999999999978,0.00010418224762412547,7.0
125,2.249999999999978,4.6159090877414856e-05,7.0
126,2.2999999999999776,1.8047130836380502e-05,7.0
127,2.3499999999999774,5.404535798489333e-06,7.0
128,2.3999999999999773,5.689258658303794e-07,7.0
129,2.449999999999977,0.0,7.0
130,2.499999999999977,2.125349070744842e-06,7.0
131,2.5499999999999767,6.230098545816047e-06,7.0
132,2.5999999999999766,1.1966876529753883e-05,7.0
133,2.6499999999999764,1.914867359363758e-05,7.0
134,2.699999999999976,2.7661399896764345e-05,7.0
135,2.749999999999976,3.7426362822105026e-05,7.0
136,2.799999999999976,4.83832751127918e-05,7.0
137,2.8499999999999757,6.048146973580249e-05,7.0
138,2.8999999999999755,7.367440618188409e-05,7.0
139,2.9499999999999753,8.791573720273905e-05,7.0
140,2.999999999999975,0.00010315645329060121,7.0
141,3.049999999999975,0.00011934300812289546,7.0
142,3.0999999999999748,0.0001364163741125717,7.0
143,3.1499999999999746,0.00015431192382107928,7.0
144,3.1999999999999744,0.00017295997738907276,7.0
145,3.2499999999999742,0.00019228682773608246,7.0
146,3.299999999999974,0.0002122160554026031,7.0
147,3.349999999999974,0.00023266996566109052,7.0
148,3.3999999999999737,0.0002535710127186111,7.0
149,3.4499999999999735,0.000274843111878585,7.0
150,3.4999999999999734,0.0002964127751480965,7.0
151,3.549999999999973,0.00031821003579560994,7.0
152,3.599999999999973,0.0003401691513259532,7.0
153,3.649999999999973,0.0003622290919753903,7.0
154,3.6999999999999726,0.00038433383362972503,7.0
155,3.7499999999999725,0.00040643248095309563,7.0
156,3.7999999999999723,0.0004284792495267091,7.0
157,3.849999999999972,0.00045043333598418386,7.0
158,3.899999999999972,0.0004722587034161717,7.0
159,3.9499999999999718,0.000493923806445117,7.0
0,-4.0,0.32337546964496877,8.0
1,-3.95,0.32975610496568203,8.0
2,-3.9000000000000004,0.3354093413652194,8.0
3,-3.8500000000000005,0.3401838596021222,8.0
4,-3.8000000000000007,0.34392069800901165,8.0
5,-3.750000000000001,0.34645597821677276,8.0
6,-3.700000000000001,0.3476243695076719,8.0
7,-3.6500000000000012,0.3472633902582663,8.0
8,-3.6000000000000014,0.34521866465454776,8.0
9,-3.5500000000000016,0.34135025974503713,8.0
10,-3.5000000000000018,0.33554020379878113,8.0
11,-3.450000000000002,0.32770121167242233,8.0
12,-3.400000000000002,0.3177865021041304,8.0
13,-3.3500000000000023,0.3058003892016565,8.0
14,-3.3000000000000025,0.2918091002649873,8.0
15,-3.2500000000000027,0.27595108226155235,8.0
16,-3.200000000000003,0.2584459862520939,8.0
17,-3.150000000000003,0.23960158118925604,8.0
18,-3.100000000000003,0.21981790798253778,8.0
19,-3.0500000000000034,0.19958768619070075,8.0
20,-3.0000000000000036,0.17949086059150893,8.0
21,-2.9500000000000037,0.16017902406425197,8.0
22,-2.900000000000004,0.14234290220967505,8.0
23,-2.850000000000004,0.12665476659196745,8.0
24,-2.8000000000000043,0.11367928266730276,8.0
25,-2.7500000000000044,0.10375131610108042,8.0
26,-2.7000000000000046,0.09682841109348801,8.0
27,-2.650000000000005,0.09234639408675822,8.0
28,-2.600000000000005,0.08914858251058932,8.0
29,-2.550000000000005,0.0855996505058387,8.0
30,-2.5000000000000053,0.07995983453637727,8.0
31,-2.4500000000000055,0.07094317140650971,8.0
32,-2.4000000000000057,0.05821395932810678,8.0
33,-2.350000000000006,0.04260227397385308,8.0
34,-2.300000000000006,0.026111591604091537,8.0
35,-2.250000000000006,0.011733720867701292,8.0
36,-2.2000000000000064,0.0024788572504778118,8.0
37,-2.1500000000000066,0.0,8.0
38,-2.1000000000000068,0.004502914652553301,8.0
39,-2.050000000000007,0.015469511987553123,8.0
40,-2.000000000000007,0.03189296324644672,8.0
41,-1.9500000000000073,0.052505311142076315,8.0
42,-1.9000000000000075,0.07656975929279745,8.0
43,-1.8500000000000076,0.10490800431820127,8.0
44,-1.8000000000000078,0.14080887837754236,8.0
45,-1.750000000000008,0.19068272570516334,8.0
46,-1.7000000000000082,0.2633826963155395,8.0
47,-1.6500000000000083,0.3649838141034146,8.0
48,-1.6000000000000085,0.48828255867021664,8.0
49,-1.5500000000000087,0.6100220161832205,8.0
50,-1.5000000000000089,0.7073551130942797,8.0
51,-1.450000000000009,0.7741082395836207,8.0
52,-1.4000000000000092,0.8185959652191741,8.0
53,-1.3500000000000094,0.852211113057184,8.0
54,-1.3000000000000096,0.8819772353703603,8.0
55,-1.2500000000000098,0.9095269984810144,8.0
56,-1.20000000000001,0.9336534826228653,8.0
57,-1.1500000000000101,0.9531876777444448,8.0
58,-1.1000000000000103,0.9680410839724929,8.0
59,-1.0500000000000105,0.9788616033678134,8.0
60,-1.0000000000000107,0.9865125646334407,8.0
61,-0.9500000000000108,0.9917917025327311,8.0
62,-0.900000000000011,0.9953388720871806,8.0
63,-0.8500000000000112,0.9976330867672765,8.0
64,-0.8000000000000114,0.9990209529007608,8.0
65,-0.7500000000000115,0.9997503508277956,8.0
66,-0.7000000000000117,0.9999999999999964,8.0
67,-0.6500000000000119,0.9999026865473296,8.0
68,-0.6000000000000121,0.9995617786142971,8.0
69,-0.5500000000000123,0.9990600063307713,8.0
70,-0.5000000000000124,0.9984579318247393,8.0
71,-0.4500000000000126,0.9977780147571151,8.0
72,-0.4000000000000128,0.9969686511276435,8.0
73,-0.35000000000001297,0.9958371903513632,8.0
74,-0.30000000000001315,0.9939152950490091,8.0
75,-0.2500000000000133,0.9901147005425062,8.0
76,-0.2000000000000135,0.9815975963172968,8.0
77,-0.15000000000001368,0.959406859756996,8.0
78,-0.10000000000001386,0.898082566142407,8.0
79,-0.05000000000001403,0.8724576069582733,8.0
80,-1.4210854715202004e-14,0.9682182870035676,8.0
81,0.04999999999998561,0.9667748433620362,8.0
82,0.09999999999998543,0.7709019849208205,8.0
83,0.14999999999998526,0.5351078507104713,8.0
84,0.19999999999998508,0.3582967527199087,8.0
85,0.2499999999999849,0.03733771744313864,8.0
86,0.2999999999999847,0.23844901254997275,8.0
87,0.34999999999998455,0.18778633309203593,8.0
88,0.39999999999998437,0.728746330600613,8.0
89,0.4499999999999842,0.9529612020999302,8.0
90,0.499999999999984,0.9722736271680884,8.0
91,0.5499999999999838,0.6060999786719433,8.0
92,0.5999999999999837,0.7871443591646416,8.0
93,0.6499999999999835,0.9264592076967034,8.0
94,0.6999999999999833,0.9478447891055853,8.0
95,0.7499999999999831,0.949260563054326,8.0
96,0.799999999999983,0.9454535835674727,8.0
97,0.8499999999999828,0.9398809363520427,8.0
98,0.8999999999999826,0.9337186440387911,8.0
99,0.9499999999999824,0.9275349054520704,8.0
100,0.9999999999999822,0.9216524451629853,8.0
101,1.049999999999982,0.9162441874636493,8.0
102,1.0999999999999819,0.9113725003210016,8.0
103,1.1499999999999817,0.9070187522260057,8.0
104,1.1999999999999815,0.9031110428938582,8.0
105,1.2499999999999813,0.8995488150733141,8.0
106,1.2999999999999812,0.8962223158838505,8.0
107,1.349999999999981,0.8930261867456653,8.0
108,1.3999999999999808,0.8898676982706122,8.0
109,1.4499999999999806,0.8866707880475966,8.0
110,1.4999999999999805,0.8833771820914568,8.0
111,1.5499999999999803,0.879945706912356,8.0
112,1.59999999999998,0.8763506173278306,8.0
113,1.64999999999998,0.8725794890744085,8.0
114,1.6999999999999797,0.8686310058578381,8.0
115,1.7499999999999796,0.8645128189714191,8.0
116,1.7999999999999794,0.8602395650619717,8.0
117,1.8499999999999792,0.8558310776761255,8.0
118,1.899999999999979,0.8513108045267189,8.0
119,1.9499999999999789,0.8467044322412318,8.0
120,1.9999999999999787,0.8420387155667673,8.0
121,2.0499999999999785,0.8373405045118915,8.0
122,2.0999999999999783,0.8326359593463908,8.0
123,2.149999999999978,0.8279499398217751,8.0
124,2.199999999999978,0.8233055519394095,8.0
125,2.249999999999978,0.8187238335206325,8.0
126,2.2999999999999776,0.8142235588988158,8.0
127,2.3499999999999774,0.8098211431836031,8.0
128,2.3999999999999773,0.8055306275196348,8.0
129,2.449999999999977,0.8013637283039269,8.0
130,2.499999999999977,0.7973299351859118,8.0
131,2.5499999999999767,0.7934366446538242,8.0
132,2.5999999999999766,0.7896893179727388,8.0
133,2.6499999999999764,0.786091654097419,8.0
134,2.699999999999976,0.7826457698899856,8.0
135,2.749999999999976,0.7793523815065345,8.0
136,2.799999999999976,0.7762109821718404,8.0
137,2.8499999999999757,0.7732200127395039,8.0
138,2.8999999999999755,0.7703770224435987,8.0
139,2.9499999999999753,0.7676788180971419,8.0
140,2.999999999999975,0.7651216006943482,8.0
141,3.049999999999975,0.7627010889411099,8.0
142,3.0999999999999748,0.7604126296854425,8.0
143,3.1499999999999746,0.7582512955615494,8.0
144,3.1999999999999744,0.7562119704121756,8.0
145,3.2499999999999742,0.7542894232285261,8.0
146,3.299999999999974,0.7524783714583286,8.0
147,3.349999999999974,0.7507735345932518,8.0
148,3.3999999999999737,0.7491696789675261,8.0
149,3.4499999999999735,0.747661654690028,8.0
150,3.4999999999999734,0.7462444256002587,8.0
151,3.549999999999973,0.7449130930913253,8.0
152,3.599999999999973,0.7436629145857242,8.0
153,3.649999999999973,0.7424893173866276,8.0
154,3.6999999999999726,0.7413879085619637,8.0
155,3.7499999999999725,0.7403544814531647,8.0
156,3.7999999999999723,0.73938501933703,8.0
157,3.849999999999972,0.7384756967087684,8.0
158,3.899999999999972,0.7376228785978923,8.0
159,3.9499999999999718,0.736823118276581,8.0
0,-4.0,0.9953336645397377,9.0
1,-3.95,0.9960920088824898,9.0
2,-3.9000000000000004,0.9967683501760464,9.0
3,-3.8500000000000005,0.9973715312588168,9.0
4,-3.8000000000000007,0.9979079026772513,9.0
5,-3.750000000000001,0.9983817036016737,9.0
6,-3.700000000000001,0.9987954249750242,9.0
7,-3.6500000000000012,0.9991501212715962,9.0
8,-3.6000000000000014,0.9994456568603275,9.0
9,-3.5500000000000016,0.9996808841494829,9.0
10,-3.5000000000000018,0.9998537561422625,9.0
11,-3.450000000000002,0.9999613777928615,9.0
12,-3.400000000000002,0.9999999999999989,9.0
13,-3.3500000000000023,0.9999649580494724,9.0
14,-3.3000000000000025,0.9998505532406023,9.0
15,-3.2500000000000027,0.9996498723987742,9.0
16,-3.200000000000003,0.9993545348034605,9.0
17,-3.150000000000003,0.9989543492812512,9.0
18,-3.100000000000003,0.9984368550163463,9.0
19,-3.0500000000000034,0.9977867067288919,9.0
20,-3.0000000000000036,0.9969848462631962,9.0
21,-2.9500000000000037,0.9960073752140499,9.0
22,-2.900000000000004,0.9948240022033892,9.0
23,-2.850000000000004,0.9933958764136422,9.0
24,-2.8000000000000043,0.991672524780768,9.0
25,-2.7500000000000044,0.9895874674309809,9.0
26,-2.7000000000000046,0.9870518722592454,9.0
27,-2.650000000000005,0.9839453003103501,9.0
28,-2.600000000000005,0.980102178946806,9.0
29,-2.550000000000005,0.9752921827022749,9.0
30,-2.5000000000000053,0.9691925052195802,9.0
31,-2.4500000000000055,0.9613510348317841,9.0
32,-2.4000000000000057,0.9511442108276095,9.0
33,-2.350000000000006,0.937747021210302,9.0
34,-2.300000000000006,0.9201615957317395,9.0
35,-2.250000000000006,0.8973886579726397,9.0
36,-2.2000000000000064,0.8688178018024986,9.0
37,-2.1500000000000066,0.8347519937308517,9.0
38,-2.1000000000000068,0.7965978284943371,9.0
39,-2.050000000000007,0.7562864472229232,9.0
40,-2.000000000000007,0.7252292095578442,9.0
41,-1.9500000000000073,0.7328615099689262,9.0
42,-1.9000000000000075,0.7747855510009236,9.0
43,-1.8500000000000076,0.8369781547345329,9.0
44,-1.8000000000000078,0.8529580848797391,9.0
45,-1.750000000000008,0.6041210690447684,9.0
46,-1.7000000000000082,0.4774048918470267,9.0
47,-1.6500000000000083,0.5661368721382403,9.0
48,-1.6000000000000085,0.5754693247995717,9.0
49,-1.5500000000000087,0.6126791646293842,9.0
50,-1.5000000000000089,0.6425056109020166,9.0
51,-1.450000000000009,0.671192142740129,9.0
52,-1.4000000000000092,0.7053110620123223,9.0
53,-1.3500000000000094,0.7407638852465407,9.0
54,-1.3000000000000096,0.7448331904742215,9.0
55,-1.2500000000000098,0.6665219992658447,9.0
56,-1.20000000000001,0.5007540616725406,9.0
57,-1.1500000000000101,0.40568753383315653,9.0
58,-1.1000000000000103,0.4380905992238122,9.0
59,-1.0500000000000105,0.5818069868020924,9.0
60,-1.0000000000000107,0.7049058761297451,9.0
61,-0.9500000000000108,0.6599081513704618,9.0
62,-0.900000000000011,0.38486365743206247,9.0
63,-0.8500000000000112,0.1466658752280297,9.0
64,-0.8000000000000114,0.0673549689883116,9.0
65,-0.7500000000000115,0.032665416020543826,9.0
66,-0.7000000000000117,0.018673191377474495,9.0
67,-0.6500000000000119,0.013576253571949162,9.0
68,-0.6000000000000121,0.012028037011452794,9.0
69,-0.5500000000000123,0.011956503513032192,9.0
70,-0.5000000000000124,0.012395720838784067,9.0
71,-0.4500000000000126,0.01277274118047695,9.0
72,-0.4000000000000128,0.01274072044073013,9.0
73,-0.35000000000001297,0.012174697991985771,9.0
74,-0.30000000000001315,0.011170791627887124,9.0
75,-0.2500000000000133,0.009964550322693999,9.0
76,-0.2000000000000135,0.008781598303911764,9.0
77,-0.15000000000001368,0.007740178518349983,9.0
78,-0.10000000000001386,0.00685035392373685,9.0
79,-0.05000000000001403,0.00606289102712543,9.0
80,-1.4210854715202004e-14,0.00531952438109609,9.0
81,0.04999999999998561,0.004578425426014007,9.0
82,0.09999999999998543,0.0038186748986176523,9.0
83,0.14999999999998526,0.0030396617216364107,9.0
84,0.19999999999998508,0.002261948920018293,9.0
85,0.2499999999999849,0.0015260038695632382,9.0
86,0.2999999999999847,0.0008846936693755312,9.0
87,0.34999999999998455,0.00039137126074264867,9.0
88,0.39999999999998437,8.87119767450899e-05,9.0
89,0.4499999999999842,0.0,9.0
90,0.499999999999984,0.0001278065876138982,9.0
91,0.5499999999999838,0.0005502856071577344,9.0
92,0.5999999999999837,0.0019579220113254835,9.0
93,0.6499999999999835,0.007592470440692885,9.0
94,0.6999999999999833,0.03486157677325795,9.0
95,0.7499999999999831,0.05342174499005007,9.0
96,0.799999999999983,0.04386373018883125,9.0
97,0.8499999999999828,0.02894360435988863,9.0
98,0.8999999999999826,0.03780222999062988,9.0
99,0.9499999999999824,0.13658723019567864,9.0
100,0.9999999999999822,0.5174635063082209,9.0
101,1.049999999999982,0.8654151705226794,9.0
102,1.0999999999999819,0.961515073289592,9.0
103,1.1499999999999817,0.9833547848297987,9.0
104,1.1999999999999815,0.9878412506195114,9.0
105,1.2499999999999813,0.9874833285162997,9.0
106,1.2999999999999812,0.9855663697462141,9.0
107,1.349999999999981,0.9830848325214696,9.0
108,1.3999999999999808,0.9802988887857149,9.0
109,1.4499999999999806,0.9771502203407761,9.0
110,1.4999999999999805,0.9733648525502051,9.0
111,1.5499999999999803,0.9684127412704371,9.0
112,1.59999999999998,0.9613941094841322,9.0
113,1.64999999999998,0.9510334373095081,9.0
114,1.6999999999999797,0.9360545629090136,9.0
115,1.7499999999999796,0.9159132786712388,9.0
116,1.7999999999999794,0.8913633194946006,9.0
117,1.8499999999999792,0.8643084448363181,9.0
118,1.899999999999979,0.8369382014725125,9.0
119,1.9499999999999789,0.8107271905825928,9.0
120,1.9999999999999787,0.7859232587900626,9.0
121,2.0499999999999785,0.7616660969188355,9.0
122,2.0999999999999783,0.736449931172392,9.0
123,2.149999999999978,0.7086019761340296,9.0
124,2.199999999999978,0.6766287569237757,9.0
125,2.249999999999978,0.6394494207315142,9.0
126,2.2999999999999776,0.5965982890581095,9.0
127,2.3499999999999774,0.5484375333793532,9.0
128,2.3999999999999773,0.4963087324870351,9.0
129,2.449999999999977,0.44245697863070343,9.0
130,2.499999999999977,0.3896133788875161,9.0
131,2.5499999999999767,0.3403474479618266,9.0
132,2.5999999999999766,0.2964996326521875,9.0
133,2.6499999999999764,0.2589494922863528,9.0
134,2.699999999999976,0.227729894071461,9.0
135,2.749999999999976,0.2023177150567844,9.0
136,2.799999999999976,0.18192729239242875,9.0
137,2.8499999999999757,0.16572009658133802,9.0
138,2.8999999999999755,0.15292063831363167,9.0
139,2.9499999999999753,0.14286284521357603,9.0
140,2.999999999999975,0.1349955826389318,9.0
141,3.049999999999975,0.12886882510734368,9.0
142,3.0999999999999748,0.1241135810415161,9.0
143,3.1499999999999746,0.12042251862036082,9.0
144,3.1999999999999744,0.11753450524395288,9.0
145,3.2499999999999742,0.11522415159761294,9.0
146,3.299999999999974,0.11329617079341496,9.0
147,3.349999999999974,0.11158348682070082,9.0
148,3.3999999999999737,0.1099474571717702,9.0
149,3.4499999999999735,0.10827841511731734,9.0
150,3.4999999999999734,0.1064950843488715,9.0
151,3.549999999999973,0.10454218935781538,9.0
152,3.599999999999973,0.10238648478142083,9.0
153,3.649999999999973,0.10001208606221179,9.0
154,3.6999999999999726,0.09741615884200698,9.0
155,3.7499999999999725,0.0946057220577263,9.0
156,3.7999999999999723,0.09159576316717925,9.0
157,3.849999999999972,0.0884083457110604,9.0
158,3.899999999999972,0.08507211628659532,9.0
159,3.9499999999999718,0.08162163792175296,9.0
