,x1,y,rep,noise,y_noise
0,-4.0,0.9165291996482536,0.0,-0.0887659681157969,0.8277632315324568
1,-3.9,0.9204106412576968,0.0,-0.017959257290699155,0.9024513839669976
2,-3.8,0.925843850047002,0.0,-0.033846672646260026,0.8919971774007419
3,-3.7,0.9329077414460046,0.0,0.002883284502524166,0.9357910259485288
4,-3.6,0.9404860306857112,0.0,0.028764432516081306,0.9692504632017925
5,-3.5,0.947571769707631,0.0,0.05120559526807534,0.9987773649757063
6,-3.3999999999999995,0.9548968369433056,0.0,-0.1203752112569963,0.8345216256863093
7,-3.2999999999999994,0.9615467189645388,0.0,-0.037471412612174786,0.924075306352364
8,-3.1999999999999997,0.964436357032002,0.0,-0.0009519775434524148,0.9634843794885496
9,-3.099999999999999,0.9638110680633144,0.0,0.010834641407439971,0.9746457094707544
10,-2.999999999999999,0.9630385011372278,0.0,-0.04981089447733866,0.9132276066598891
11,-2.899999999999999,0.9622828178162988,0.0,0.07214138832316855,1.0344242061394673
12,-2.799999999999999,0.9644757522447222,0.0,-0.005558048278961281,0.9589177039657608
13,-2.699999999999999,0.967182988972626,0.0,0.0028060052774129553,0.9699889942500389
14,-2.5999999999999988,0.969130955864554,0.0,-0.061776115296009515,0.9073548405685445
15,-2.4999999999999987,0.9708850852155844,0.0,-0.05980251127143419,0.9110825739441502
16,-2.3999999999999986,0.9734924943223248,0.0,-0.048662290509098365,0.9248302038132264
17,-2.2999999999999985,0.9783154087369552,0.0,0.030398778628537314,1.0087141873654926
18,-2.1999999999999984,0.9840476848693116,0.0,-0.026481630410309032,0.9575660544590026
19,-2.0999999999999983,0.9898298443160966,0.0,-0.0020618456995010487,0.9877679986165955
20,-1.9999999999999984,0.994802127097846,0.0,-0.04779057277429356,0.9470115543235524
21,-1.899999999999998,0.9981905121093796,0.0,0.02360471700380044,1.02179522911318
22,-1.799999999999998,0.9999999999999984,0.0,0.07032175034360315,1.0703217503436016
23,-1.699999999999998,0.9923382057090188,0.0,-0.040816191193791505,0.9515220145152272
24,-1.599999999999998,0.9878838145972038,0.0,0.0131863696932803,1.001070184290484
25,-1.4999999999999978,0.9859075953992016,0.0,0.022767087560119584,1.0086746829593212
26,-1.3999999999999977,0.9846264064277312,0.0,-0.012548104423394022,0.9720783020043372
27,-1.2999999999999976,0.9879627595840702,0.0,0.0741053451324327,1.0620681047165028
28,-1.1999999999999975,0.996603209116936,0.0,-0.005026002173329219,0.9915772069436067
29,-1.0999999999999974,0.9983583899636764,0.0,-0.014124471698598732,0.9842339182650777
30,-0.9999999999999972,0.9977764806932384,0.0,0.049604998032615776,1.0473814787258542
31,-0.8999999999999972,0.9832138398049308,0.0,-0.12535950065174573,0.8578543391531851
32,-0.7999999999999972,0.9720603957862162,0.0,-0.07811069784926622,0.8939496979369499
33,-0.6999999999999971,0.970885393440316,0.0,-0.009244332425222681,0.9616410610150933
34,-0.599999999999997,0.9824078044627252,0.0,-0.06080608305016545,0.9216017214125598
35,-0.4999999999999969,0.9748852439356942,0.0,0.05693537628972562,1.0318206202254199
36,-0.3999999999999968,0.9076058304424924,0.0,-0.07886795457832683,0.8287378758641656
37,-0.2999999999999967,0.7740640150345531,0.0,0.05545801464791472,0.8295220296824679
38,-0.1999999999999966,0.6936705003803649,0.0,-0.03937848271097546,0.6542920176693895
39,-0.0999999999999965,0.6148537044489394,0.0,0.1051176943079602,0.7199713987568996
40,3.552713678800501e-15,0.5136496189546743,0.0,0.049329749501304976,0.5629793684559793
41,0.1000000000000032,0.4242162659038289,0.0,0.07922002356587136,0.5034362894697002
42,0.2000000000000037,0.3890153768356727,0.0,-0.10493314078137453,0.28408223605429817
43,0.3000000000000042,0.3585249315822832,0.0,0.020617431069128604,0.3791423626514118
44,0.4000000000000039,0.3299107468580673,0.0,-0.09150057343574144,0.23841017342232587
45,0.5000000000000036,0.3039858180068231,0.0,-0.00724997720101937,0.29673584080580373
46,0.6000000000000041,0.2804168143013461,0.0,0.011556599048623748,0.29197341334996985
47,0.7000000000000046,0.2896976684528893,0.0,0.028641093728429892,0.3183387621813192
48,0.8000000000000043,0.3012437389579796,0.0,0.006015334330913831,0.30725907328889346
49,0.9000000000000039,0.3067372300027084,0.0,0.01594957749647675,0.32268680749918516
50,1.0000000000000044,0.3201718296924882,0.0,-0.09083393420161871,0.22933789549086947
51,1.100000000000005,0.322831227101759,0.0,-0.051375650617094926,0.27145557648466406
52,1.2000000000000046,0.3115246328302403,0.0,0.06245606328885178,0.37398069611909207
53,1.3000000000000045,0.3002180385587221,0.0,-0.039896518501353895,0.2603215200573682
54,1.4000000000000048,0.2801883941620213,0.0,0.13500666746946138,0.4151950616314827
55,1.500000000000005,0.2580126349022006,0.0,-0.02665086406785118,0.23136177083434945
56,1.600000000000005,0.2358368756423799,0.0,0.01412833195301776,0.24996520759539767
57,1.7000000000000046,0.2181326422808951,0.0,0.04588218830072367,0.2640148305816188
58,1.8000000000000052,0.202375672564248,0.0,-0.05932175275846183,0.14305391980578616
59,1.9000000000000057,0.1952056527475909,0.0,0.03672228673204829,0.2319279394796392
60,2.0000000000000053,0.193709106125858,0.0,-0.010422470048319548,0.18328663607753845
61,2.100000000000005,0.1922125595041259,0.0,-0.08996898400047651,0.1022435755036494
62,2.200000000000005,0.1907160128823934,0.0,-0.10223227762454991,0.08848373525784349
63,2.300000000000006,0.1891230649634083,0.0,-0.00809985621544487,0.18102320874796343
64,2.4000000000000057,0.1846908956081722,0.0,-0.016975263242705468,0.16771563236546674
65,2.5000000000000053,0.1814124774810304,0.0,-0.0760010730448146,0.1054114044362158
66,2.600000000000006,0.1708604157955977,0.0,0.02078493100203338,0.19164534679763107
67,2.7000000000000064,0.1602569546649099,0.0,-0.02003560160400271,0.14022135306090722
68,2.800000000000006,0.1496534935342214,0.0,-0.004013506669588355,0.14563998686463303
69,2.9000000000000057,0.1293830907229342,0.0,-0.08313319184773624,0.04624989887519795
70,3.000000000000006,0.1028827031752963,0.0,-0.03185874199903773,0.07102396117625856
71,3.1000000000000068,0.0763823156276582,0.0,-0.15939514616555708,-0.08301283053789889
72,3.2000000000000064,0.0557160525776771,0.0,0.11291771674844157,0.16863376932611868
73,3.300000000000006,0.0391912891720137,0.0,-0.04452396179598896,-0.005332672623975264
74,3.4000000000000066,0.0238331760314955,0.0,-0.0034570009367113725,0.02037617509478413
75,3.500000000000007,0.0102297371231051,0.0,0.07827003561210155,0.08849977273520665
76,3.6000000000000068,0.0100093875150138,0.0,0.007118035598773994,0.017127423113787794
77,3.7000000000000064,0.012078288280109,0.0,0.03025605193052419,0.04233434021063319
78,3.800000000000007,0.0141605767561771,0.0,-0.03730759836468331,-0.023147021608506207
79,3.900000000000008,0.0,0.0,0.0410889190385957,0.0410889190385957
80,-4.0,0.9999999999999996,1.0,0.00528058574206036,1.00528058574206
81,-3.9,0.9996054696282772,1.0,0.06732906189913183,1.066934531527409
82,-3.8,0.9992109392565548,1.0,0.08197325658247745,1.0811841958390322
83,-3.7,0.9988164088848324,1.0,0.04692735743368176,1.045743766318514
84,-3.6,0.99842187851311,1.0,-0.1193812502838019,0.8790406282293082
85,-3.5,0.9980273481413876,1.0,0.0376121661030068,1.0356395142443944
86,-3.3999999999999995,0.9976328177696652,1.0,0.06036278706695635,1.0579956048366215
87,-3.2999999999999994,0.9972437204489994,1.0,0.01951352998959298,1.0167572504385924
88,-3.1999999999999997,0.996906294012052,1.0,0.04974236982824404,1.046648663840296
89,-3.099999999999999,0.9965696742243276,1.0,0.06699572914890406,1.0635654033732318
90,-2.999999999999999,0.9962330544366028,1.0,0.04921664149465767,1.0454496959312605
91,-2.899999999999999,0.9958964346488782,1.0,0.03476018528221077,1.030656619931089
92,-2.799999999999999,0.9955598148611536,1.0,-0.039497885182283525,0.9560619296788702
93,-2.699999999999999,0.9952195100164984,1.0,-0.05139888808005551,0.9438206219364429
94,-2.5999999999999988,0.9948772233201336,1.0,-0.028248916534329024,0.9666283067858046
95,-2.4999999999999987,0.9945349366237688,1.0,-0.019723657751186008,0.9748112788725828
96,-2.3999999999999986,0.9941926499274042,1.0,-0.003137176641173333,0.9910554732862309
97,-2.2999999999999985,0.9938503632310396,1.0,0.09629970291411767,1.0901500661451573
98,-2.1999999999999984,0.9935080765346748,1.0,-0.03256341634567558,0.9609446601889992
99,-2.0999999999999983,0.9931657898383102,1.0,-0.06847729482399396,0.9246884950143162
100,-1.9999999999999984,0.9928235031419456,1.0,0.04359033414164137,1.036413837283587
101,-1.899999999999998,0.9924828446671534,1.0,-0.012101313622299093,0.9803815310448544
102,-1.799999999999998,0.9923812288686888,1.0,-0.013239626755905683,0.9791416021127831
103,-1.699999999999998,0.9923450271128746,1.0,-0.005047379814176287,0.9872976472986984
104,-1.599999999999998,0.9925817298919118,1.0,0.02036619461720444,1.0129479245091162
105,-1.4999999999999978,0.9929228639436684,1.0,0.02394286667580984,1.0168657306194782
106,-1.3999999999999977,0.9930822539931732,1.0,0.06435808036980571,1.0574403343629788
107,-1.2999999999999976,0.9923472556892574,1.0,-0.07902249950543482,0.9133247561838226
108,-1.1999999999999975,0.9925451661847056,1.0,0.06561475250920487,1.0581599186939104
109,-1.0999999999999974,0.992853661134817,1.0,0.02936168150550615,1.022215342640323
110,-0.9999999999999972,0.9939970503994868,1.0,0.028054471670342123,1.022051522069829
111,-0.8999999999999972,0.9935164406153332,1.0,0.03597063058594984,1.029487071201283
112,-0.7999999999999972,0.9919853527864798,1.0,0.009115298260886188,1.001100651047366
113,-0.6999999999999971,0.9899821054607606,1.0,-0.04708048312629465,0.942901622334466
114,-0.599999999999997,0.9884491693401032,1.0,-0.023293547110407004,0.9651556222296962
115,-0.4999999999999969,0.9877829907712984,1.0,-0.012351356038296986,0.9754316347330014
116,-0.3999999999999968,0.986919947949958,1.0,0.014835766940450365,1.0017557148904084
117,-0.2999999999999967,0.985554305955308,1.0,0.11058330508982238,1.0961376110451304
118,-0.1999999999999966,0.9853450380227546,1.0,-0.014017082311212934,0.9713279557115417
119,-0.0999999999999965,0.9849165485310228,1.0,0.03975364341646083,1.0246701919474837
120,3.552713678800501e-15,0.9843184531570108,1.0,0.09232499874985807,1.0766434519068688
121,0.1000000000000032,0.9837025994632334,1.0,0.0023470882821405165,0.9860496877453738
122,0.2000000000000037,0.9830942760925095,1.0,0.01265362215086947,0.9957478982433791
123,0.3000000000000042,0.9825558064927428,1.0,-0.017863506150628095,0.9646923003421146
124,0.4000000000000039,0.9820421507315223,1.0,0.06394203703299961,1.045984187764522
125,0.5000000000000036,0.9815900303875856,1.0,-0.10256433410004272,0.8790256962875429
126,0.6000000000000041,0.981152862054021,1.0,-0.018609127808256277,0.9625437342457647
127,0.7000000000000046,0.9807984450281632,1.0,-0.051724086675802056,0.9290743583523611
128,0.8000000000000043,0.980631113345116,1.0,-0.023746193895198935,0.956884919449917
129,0.9000000000000039,0.9804494954517534,1.0,0.05890786200372469,1.0393573574554782
130,1.0000000000000044,0.9058777876728176,1.0,0.01937279686352545,0.925250584536343
131,1.100000000000005,0.7097845090903764,1.0,0.05429667505324918,0.7640811841436256
132,1.2000000000000046,0.4848703635704431,1.0,0.02118264320969739,0.5060530067801405
133,1.3000000000000045,0.3320723829123574,1.0,-0.07960977312348312,0.2524626097888743
134,1.4000000000000048,0.1805722764579918,1.0,0.08826582216441968,0.2688380986224115
135,1.500000000000005,0.0485816656463186,1.0,-0.022364029936457076,0.026217635709861523
136,1.600000000000005,0.0468513675754923,1.0,0.00313086003880444,0.049982227614296736
137,1.7000000000000046,0.0426165856505637,1.0,0.11622993161999579,0.15884651727055948
138,1.8000000000000052,0.003318239844691,1.0,0.08916936642280285,0.09248760626749385
139,1.9000000000000057,0.0,1.0,0.017724377995382845,0.017724377995382845
140,2.0000000000000053,0.0797986756259425,1.0,0.015065888884583937,0.09486456451052644
141,2.100000000000005,0.1613023691365235,1.0,0.040953206526491676,0.20225557566301516
142,2.200000000000005,0.1390227406802107,1.0,-0.03301375229942982,0.10600898838078088
143,2.300000000000006,0.171564276281032,1.0,0.04047569511496168,0.21203997139599368
144,2.4000000000000057,0.2533052662594284,1.0,-0.04377872534187293,0.20952654091755546
145,2.5000000000000053,0.3012856562819173,1.0,-0.10992362558120591,0.19136203070071137
146,2.600000000000006,0.3450724458846355,1.0,-0.023378723340097413,0.3216937225445381
147,2.7000000000000064,0.3888592354873583,1.0,0.07524907595264124,0.46410831143999953
148,2.800000000000006,0.4326460250900797,1.0,0.017425433929798173,0.4500714590198779
149,2.9000000000000057,0.4382671080357179,1.0,0.012966201355246803,0.4512333093909647
150,3.000000000000006,0.4287630099759935,1.0,0.03503019387107616,0.4637932038470696
151,3.1000000000000068,0.492065072949393,1.0,-0.01108739861746615,0.48097767433192684
152,3.2000000000000064,0.6284946614531407,1.0,-0.009383580794403311,0.6191110806587374
153,3.300000000000006,0.7663615945225991,1.0,-0.012051386615746621,0.7543102079068524
154,3.4000000000000066,0.899066608627967,1.0,-0.012858624952907642,0.8862079836750593
155,3.500000000000007,0.9791821868380928,1.0,0.016242367495725406,0.9954245543338182
156,3.6000000000000068,0.981173327650957,1.0,-0.05894744607384445,0.9222258815771125
157,3.7000000000000064,0.9831644684638208,1.0,-0.12669518096937227,0.8564692874944485
158,3.800000000000007,0.9851556092766848,1.0,-0.10220602953835876,0.882949579738326
159,3.900000000000008,0.9871467500895488,1.0,-0.0072149360526801865,0.9799318140368686
160,-4.0,0.0,2.0,0.07530404659229942,0.07530404659229942
161,-3.9,0.0109769109561297,2.0,0.0402423011525877,0.051219212108717396
162,-3.8,0.0219538219122588,2.0,-0.07638719356311253,-0.05443337165085373
163,-3.7,0.0329307328683884,2.0,-0.07919442083127276,-0.04626368796288436
164,-3.6,0.0439076438245166,2.0,0.07733057450683879,0.1212382183313554
165,-3.5,0.0555488283593629,2.0,0.011976302295062394,0.0675251306544253
166,-3.3999999999999995,0.0700897020523657,2.0,0.058560014890143244,0.12864971694250893
167,-3.2999999999999994,0.0846386567695438,2.0,0.1862086881317953,0.2708473449013391
168,-3.1999999999999997,0.0991987177290795,2.0,-0.029795740810773907,0.06940297691830559
169,-3.099999999999999,0.1137587786886154,2.0,-0.09858008349040794,0.01517869519820747
170,-2.999999999999999,0.1299291831603882,2.0,0.021262372773273558,0.15119155593366176
171,-2.899999999999999,0.1464748784762041,2.0,0.14740666454922202,0.29388154302542613
172,-2.799999999999999,0.1630205737920184,2.0,-0.06876138600777913,0.09425918778423927
173,-2.699999999999999,0.1795662691078339,2.0,-0.006226928752964373,0.17333934035486953
174,-2.5999999999999988,0.1961119644236485,2.0,0.03560106729675697,0.23171303172040547
175,-2.4999999999999987,0.2128367886492026,2.0,-0.0015332160461033536,0.21130357260309926
176,-2.3999999999999986,0.231444869541356,2.0,0.030064319332866667,0.2615091888742227
177,-2.2999999999999985,0.2548524074826174,2.0,-0.020973466389703647,0.23387894109291374
178,-2.1999999999999984,0.2807918534583254,2.0,-0.006462445265133218,0.2743294081931922
179,-2.0999999999999983,0.3050794710182375,2.0,-0.12726970798519738,0.17780976303304014
180,-1.9999999999999984,0.3278755783252897,2.0,-0.03408318977871914,0.2937923885465705
181,-1.899999999999998,0.3493195079770794,2.0,0.035117145367002174,0.38443665334408156
182,-1.799999999999998,0.370763437628868,2.0,-0.11420546213193111,0.2565579754969369
183,-1.699999999999998,0.3922073672806572,2.0,-0.04925726498035126,0.3429501023003059
184,-1.599999999999998,0.4195385231479951,2.0,-0.03696133475005875,0.38257718839793636
185,-1.4999999999999978,0.4491132407715822,2.0,-0.037206625562974556,0.41190661520860766
186,-1.3999999999999977,0.478687958395169,2.0,0.059264253682474816,0.5379522120776438
187,-1.2999999999999976,0.5086260243538772,2.0,0.038364287375174035,0.5469903117290512
188,-1.1999999999999975,0.5418958455084337,2.0,-0.026199705881034093,0.5156961396273997
189,-1.0999999999999974,0.579001095985269,2.0,0.07660847843833848,0.6556095744236076
190,-0.9999999999999972,0.6283436813089323,2.0,-0.11727883748688049,0.5110648438220518
191,-0.8999999999999972,0.6776862666325948,2.0,-0.08299478480132749,0.5946914818312673
192,-0.7999999999999972,0.7236275120596617,2.0,0.06990700743543356,0.7935345194950952
193,-0.6999999999999971,0.7582049857168541,2.0,0.047086565725398426,0.8052915514422525
194,-0.599999999999997,0.7907974498818493,2.0,-0.06140029766219615,0.7293971522196532
195,-0.4999999999999969,0.8092738708796632,2.0,-0.04823951239350801,0.7610343584861552
196,-0.3999999999999968,0.8018646864930618,2.0,0.08531150055553496,0.8871761870485967
197,-0.2999999999999967,0.8006275075714555,2.0,0.02395736026398163,0.8245848678354372
198,-0.1999999999999966,0.8109361540396456,2.0,0.03439826346299406,0.8453344175026396
199,-0.0999999999999965,0.8356980887072984,2.0,-0.06391352094128942,0.771784567766009
200,3.552713678800501e-15,0.8740966791652414,2.0,0.03160706097631863,0.90570374014156
201,0.1000000000000032,0.9243407045795434,2.0,0.06644401894250401,0.9907847235220475
202,0.2000000000000037,0.9543374108018988,2.0,0.023465685012177606,0.9778030958140764
203,0.3000000000000042,0.9782552916901988,2.0,0.016743747706035504,0.9949990393962342
204,0.4000000000000039,0.9829192332755192,2.0,-0.032125008376206125,0.9507942248993131
205,0.5000000000000036,0.9957679314706822,2.0,0.037243878670526115,1.0330118101412082
206,0.6000000000000041,0.999999999999996,2.0,-0.11913819417737329,0.8808618058226227
207,0.7000000000000046,0.9700567422951648,2.0,0.07460535824582823,1.044662100540993
208,0.8000000000000043,0.9365111904357756,2.0,-0.0504823997259358,0.8860287907098398
209,0.9000000000000039,0.907287806867288,2.0,0.04148405657585283,0.9487718634431409
210,1.0000000000000044,0.880685682348933,2.0,-0.03714257546148783,0.8435431068874452
211,1.100000000000005,0.854083557830578,2.0,-0.0020965073364137238,0.8519870504941642
212,1.2000000000000046,0.8274814333122231,2.0,0.03942195054772153,0.8669033838599447
213,1.3000000000000045,0.7997076165562473,2.0,0.09327648325232568,0.892984099808573
214,1.4000000000000048,0.7705422419097657,2.0,0.02532296949674338,0.7958652114065091
215,1.500000000000005,0.7406733621618452,2.0,0.01407293472285999,0.7547462968847052
216,1.600000000000005,0.7107413554930755,2.0,0.09194398708060947,0.802685342573685
217,1.7000000000000046,0.6808093488243054,2.0,0.04544162011979705,0.7262509689441025
218,1.8000000000000052,0.6508773421555359,2.0,0.09767380465790011,0.748551146813436
219,1.9000000000000057,0.6209453354867657,2.0,-0.0008489631080878273,0.6200963723786779
220,2.0000000000000053,0.591013328817996,2.0,0.03764593764443918,0.6286592664624351
221,2.100000000000005,0.5608895527947195,2.0,0.037912365540271394,0.598801918334991
222,2.200000000000005,0.5307577048543587,2.0,-0.11383765512547976,0.4169200497288789
223,2.300000000000006,0.5006258569139976,2.0,-0.12740858271305952,0.3732172742009381
224,2.4000000000000057,0.4704686190839885,2.0,0.024426414259049352,0.49489503334303786
225,2.5000000000000053,0.4402155280568508,2.0,0.00274126408611538,0.4429567921429662
226,2.600000000000006,0.4099624370297132,2.0,-0.04258268392914205,0.36737975310057114
227,2.7000000000000064,0.3797093460025753,2.0,-0.04840619886565256,0.3313031471369227
228,2.800000000000006,0.3494562549754384,2.0,0.04108234923467534,0.39053860421011377
229,2.9000000000000057,0.3192031639483006,2.0,0.040073940944589936,0.35927710489289055
230,3.000000000000006,0.2889500729211635,2.0,-0.042540808534151986,0.2464092643870115
231,3.1000000000000068,0.2586969818940252,2.0,-0.0005503923444871307,0.25814658954953806
232,3.2000000000000064,0.2284438908668881,2.0,-0.02926724213809989,0.1991766487287882
233,3.300000000000006,0.1981907998397503,2.0,0.04358698359045531,0.24177778343020562
234,3.4000000000000066,0.1679377088126127,2.0,-0.011573327340941159,0.15636438147167153
235,3.500000000000007,0.137684617785475,2.0,-0.005091847893223325,0.13259276989225166
236,3.6000000000000068,0.1074315267583368,2.0,-0.015502871720418983,0.0919286550379178
237,3.7000000000000064,0.0771784357312004,2.0,-0.01792945715551666,0.05924897857568373
238,3.800000000000007,0.0469253447040625,2.0,0.06812680033348298,0.11505214503754548
239,3.900000000000008,0.0166722536769244,2.0,0.0057300036395292395,0.02240225731645364
240,-4.0,0.464010516108291,3.0,0.046136226728468344,0.5101467428367594
241,-3.9,0.4500664578414152,3.0,-0.09209649088080092,0.3579699669606143
242,-3.8,0.4361223995745389,3.0,0.03553109715468681,0.47165349672922574
243,-3.7,0.4221783413076631,3.0,-0.0013156971395281054,0.42086264416813496
244,-3.6,0.4082342830407867,3.0,0.1612022724267631,0.5694365554675498
245,-3.5,0.3942902247739103,3.0,-0.04267121654062601,0.3516190082332843
246,-3.3999999999999995,0.3803461665070343,3.0,-0.03581999668253109,0.3445261698245032
247,-3.2999999999999994,0.366402108240158,3.0,-0.07829690953174441,0.2881051987084136
248,-3.1999999999999997,0.352458049973282,3.0,0.09421719834481047,0.44667524831809247
249,-3.099999999999999,0.3385139917064058,3.0,0.03705084763260594,0.37556483933901175
250,-2.999999999999999,0.3244594403961255,3.0,-0.04753815992446908,0.27692128047165643
251,-2.899999999999999,0.3103155033665449,3.0,0.04198744714434613,0.352302950510891
252,-2.799999999999999,0.2963064171137661,3.0,0.14170744824405151,0.4380138653578176
253,-2.699999999999999,0.2855822879280498,3.0,-0.06886458809266086,0.21671769983538894
254,-2.5999999999999988,0.2742524356749332,3.0,-0.004206155214020872,0.27004628046091234
255,-2.4999999999999987,0.2627834993727039,3.0,0.10631815720589598,0.3691016565785999
256,-2.3999999999999986,0.2513145630704743,3.0,0.10781583430834828,0.3591303973788226
257,-2.2999999999999985,0.2398456267682452,3.0,0.0025169758632946487,0.24236260263153986
258,-2.1999999999999984,0.228376690466016,3.0,-0.004329194467724148,0.22404749599829185
259,-2.0999999999999983,0.2169077541637865,3.0,0.041693637792599526,0.25860139195638604
260,-1.9999999999999984,0.2051221493834552,3.0,-0.03623811856329079,0.1688840308201644
261,-1.899999999999998,0.1867015936654382,3.0,-0.11229484076915121,0.074406752896287
262,-1.799999999999998,0.1699319228200971,3.0,0.051292464124496784,0.22122438694459387
263,-1.699999999999998,0.1533733855643563,3.0,0.11500175209337074,0.268375137657727
264,-1.599999999999998,0.1370489442717512,3.0,-0.10754506325020803,0.02950388102154318
265,-1.4999999999999978,0.1206559158205421,3.0,0.035313844808547185,0.1559697606290893
266,-1.3999999999999977,0.1042628873693332,3.0,-0.01519415949347412,0.08906872787585908
267,-1.2999999999999976,0.0878698589181243,3.0,0.04845663868932355,0.13632649760744786
268,-1.1999999999999975,0.0707787025604666,3.0,0.09076069737981102,0.1615393999402776
269,-1.0999999999999974,0.0404734496083166,3.0,0.023353311635220416,0.06382676124353702
270,-0.9999999999999972,0.0183073091064542,3.0,-0.03612532531558379,-0.017818016209129588
271,-0.8999999999999972,0.0057313185763492,3.0,-0.07137527180820019,-0.06564395323185099
272,-0.7999999999999972,0.0,3.0,0.0053773062759200725,0.0053773062759200725
273,-0.6999999999999971,0.0077651107364152,3.0,-0.02014348391513074,-0.012378373178715539
274,-0.599999999999997,0.0126031911874475,3.0,-0.04769296211731679,-0.035089770929869285
275,-0.4999999999999969,0.0248121132504397,3.0,-0.10766009846593455,-0.08284798521549486
276,-0.3999999999999968,0.0409498724005131,3.0,0.030079804720813324,0.07102967712132642
277,-0.2999999999999967,0.0482300297099355,3.0,0.020577680639421225,0.06880771034935673
278,-0.1999999999999966,0.0540639217340173,3.0,0.13126962552510762,0.18533354725912493
279,-0.0999999999999965,0.0608466828395977,3.0,-0.02532133674089568,0.03552534609870202
280,3.552713678800501e-15,0.0678508875923604,3.0,-0.014264950882373652,0.053585936709986744
281,0.1000000000000032,0.0734077921274962,3.0,-0.0447762399078637,0.02863155221963249
282,0.2000000000000037,0.0792029458399155,3.0,-0.12987036695058876,-0.050667421110673266
283,0.3000000000000042,0.0850207911953309,3.0,-0.007152703856231318,0.07786808733909958
284,0.4000000000000039,0.1045643931248539,3.0,0.07183477687882384,0.17639917000367772
285,0.5000000000000036,0.1321584378077315,3.0,0.055726496566921115,0.18788493437465262
286,0.6000000000000041,0.1657910628857588,3.0,-0.023174118223838126,0.14261694466192065
287,0.7000000000000046,0.1927679511033135,3.0,0.032023554985175395,0.22479150608848888
288,0.8000000000000043,0.2169709066292302,3.0,-0.04597539098348598,0.17099551564574422
289,0.9000000000000039,0.248601604037987,3.0,-0.04204607539519242,0.20655552864279458
290,1.0000000000000044,0.2803391905495598,3.0,0.013024128183247788,0.2933633187328076
291,1.100000000000005,0.315270095205546,3.0,0.06607605860030229,0.3813461538058483
292,1.2000000000000046,0.3454662754679457,3.0,-0.020743308086177324,0.3247229673817684
293,1.3000000000000045,0.3743587796860615,3.0,-0.03671977224899892,0.3376390074370626
294,1.4000000000000048,0.4013108820344271,3.0,0.03428809542854771,0.4355989774629748
295,1.500000000000005,0.4266676003004415,3.0,0.09675459913373993,0.5234221994341814
296,1.600000000000005,0.4517619560331863,3.0,-0.09242724715621647,0.35933470887696983
297,1.7000000000000046,0.4771189355147512,3.0,-0.024193150713490624,0.45292578480126056
298,1.8000000000000052,0.5021663345043712,3.0,0.042512905092253875,0.5446792395966251
299,1.9000000000000057,0.5261559137225986,3.0,0.030011454769343554,0.5561673684919421
300,2.0000000000000053,0.5501454929408255,3.0,-0.09490551136282634,0.45523998157799916
301,2.100000000000005,0.5741350721590527,3.0,0.04437337278432537,0.6185084449433781
302,2.200000000000005,0.5981246513772807,3.0,-0.01723660582246877,0.5808880455548119
303,2.300000000000006,0.6221142305955081,3.0,-0.057185801692139084,0.564928428903369
304,2.4000000000000057,0.6461732020759023,3.0,0.010027099580240648,0.656200301656143
305,2.5000000000000053,0.6702372697401374,3.0,0.08404578532879513,0.7542830550689326
306,2.600000000000006,0.6943500395366901,3.0,-0.026497530412892774,0.6678525091237972
307,2.7000000000000064,0.7184628093332421,3.0,-0.015159370927139818,0.7033034384061023
308,2.800000000000006,0.7423102197967906,3.0,0.06281305806902415,0.8051232778658147
309,2.9000000000000057,0.7649548512373825,3.0,0.09616715714470447,0.861122008382087
310,3.000000000000006,0.7874291295160571,3.0,-0.044480363271687896,0.7429487662443692
311,3.1000000000000068,0.8097880319677939,3.0,0.10416902035319603,0.9139570523209899
312,3.2000000000000064,0.8321469344195316,3.0,0.056496041959314236,0.8886429763788458
313,3.300000000000006,0.8545058368712681,3.0,-0.02174046747255589,0.8327653693987123
314,3.4000000000000066,0.8768647393230049,3.0,-0.04621896095334977,0.8306457783696551
315,3.500000000000007,0.9006233634865178,3.0,0.05676218391961281,0.9573855474061307
316,3.6000000000000068,0.9254177786089384,3.0,0.11400598149066278,1.0394237600996012
317,3.7000000000000064,0.9502642849295996,3.0,-0.02249345168511754,0.9277708332444821
318,3.800000000000007,0.9751321424647992,3.0,0.09521059699973958,1.0703427394645388
319,3.900000000000008,0.9999999999999992,3.0,-0.007613348365722062,0.9923866516342772
320,-4.0,0.9945163581560242,4.0,0.024051705092617344,1.0185680632486416
321,-3.9,0.9944965984962646,4.0,0.09509394559702056,1.0895905440932852
322,-3.8,0.9939236387063513,4.0,-0.0710007989992525,0.9229228397070988
323,-3.7,0.9927126824936326,4.0,-0.06246653772201168,0.9302461447716209
324,-3.6,0.9914878524744456,4.0,0.07096859849804452,1.06245645097249
325,-3.5,0.9913810918928498,4.0,0.06992421934273588,1.0613053112355857
326,-3.3999999999999995,0.9921470670545576,4.0,0.09900959230934679,1.0911566593639044
327,-3.2999999999999994,0.9928073558676368,4.0,0.011499722524538984,1.0043070783921757
328,-3.1999999999999997,0.9925104343195248,4.0,-0.02444914207058278,0.968061292248942
329,-3.099999999999999,0.9927458497817596,4.0,0.029888383136252625,1.0226342329180123
330,-2.999999999999999,0.9927829123248216,4.0,0.007355682749977427,1.000138595074799
331,-2.899999999999999,0.9908254667545688,4.0,0.010741257390576695,1.0015667241451456
332,-2.799999999999999,0.9173545782906832,4.0,-0.06825842141375087,0.8490961568769324
333,-2.699999999999999,0.6836374349596467,4.0,0.09890432781380694,0.7825417627734537
334,-2.5999999999999988,0.7699199994432973,4.0,-0.005432994085120104,0.7644870053581772
335,-2.4999999999999987,0.8643371115516549,4.0,-0.043155630701205,0.82118148085045
336,-2.3999999999999986,0.701039132377812,4.0,0.06598197469776912,0.7670211070755811
337,-2.2999999999999985,0.6181764084015111,4.0,-0.005805456543031619,0.6123709518584795
338,-2.1999999999999984,0.805807108140786,4.0,0.05420914832243501,0.860016256463221
339,-2.0999999999999983,0.8451892641535198,4.0,-0.1165904846272036,0.7285987795263162
340,-1.9999999999999984,0.8859270219247899,4.0,-0.080904784284195,0.8050222376405949
341,-1.899999999999998,0.9427794003464328,4.0,0.06279733433923808,1.005576734685671
342,-1.799999999999998,0.9893509121071148,4.0,0.04148154697951999,1.0308324590866347
343,-1.699999999999998,0.9901984340664716,4.0,-0.020341408180886932,0.9698570258855846
344,-1.599999999999998,0.9907113083627188,4.0,-0.019215208572043223,0.9714960997906756
345,-1.4999999999999978,0.9902449788883272,4.0,-0.02760410941823115,0.9626408694700961
346,-1.3999999999999977,0.9897786494139352,4.0,-0.012723071381340536,0.9770555780325947
347,-1.2999999999999976,0.9901183555533888,4.0,-0.06313177206240793,0.9269865834909808
348,-1.1999999999999975,0.9910309776851643,4.0,0.0002896599309043621,0.9913206376160687
349,-1.0999999999999974,0.9917987353796928,4.0,-0.05256771889823496,0.9392310164814578
350,-0.9999999999999972,0.9938475488852628,4.0,0.045640242563556276,1.0394877914488192
351,-0.8999999999999972,0.9961552285834696,4.0,-0.19191351053886338,0.8042417180446062
352,-0.7999999999999972,0.9980447698981963,4.0,-0.02838398005436148,0.9696607898438349
353,-0.6999999999999971,0.9988119070768814,4.0,-0.12578624761821938,0.8730256594586621
354,-0.599999999999997,0.9993671369360472,4.0,0.05466151099143688,1.054028647927484
355,-0.4999999999999969,0.9995417127897622,4.0,0.030798689839192,1.0303404026289542
356,-0.3999999999999968,0.9995792773030736,4.0,0.07889481658313142,1.078474093886205
357,-0.2999999999999967,0.9995996385955168,4.0,0.10013787750032516,1.099737516095842
358,-0.1999999999999966,0.9997760397856326,4.0,-0.013457120573131422,0.9863189192125011
359,-0.0999999999999965,0.9999999999999996,4.0,-0.039989304233954186,0.9600106957660454
360,3.552713678800501e-15,0.999803593224508,4.0,-0.004551860269093228,0.9952517329554147
361,0.1000000000000032,0.9971326030028616,4.0,-0.12548640242079281,0.8716462005820688
362,0.2000000000000037,0.9956900562715684,4.0,0.0041755635835851014,0.9998656198551534
363,0.3000000000000042,0.9950878772811518,4.0,0.03796298955080511,1.033050866831957
364,0.4000000000000039,0.9946961783931428,4.0,0.05257225927316658,1.0472684376663095
365,0.5000000000000036,0.9962773093665294,4.0,-0.012157323361215491,0.9841199860053139
366,0.6000000000000041,0.9965441852684772,4.0,-0.08212502518815741,0.9144191600803198
367,0.7000000000000046,0.9965645533582832,4.0,-0.10769540849423356,0.8888691448640497
368,0.8000000000000043,0.9968758307452936,4.0,0.04239334320497222,1.0392691739502657
369,0.9000000000000039,0.996793368448928,4.0,-0.038605187841902186,0.9581881806070258
370,1.0000000000000044,0.9958090194308512,4.0,0.027879986710019383,1.0236890061408705
371,1.100000000000005,0.9941611274479286,4.0,-0.06082182611905026,0.9333393013288783
372,1.2000000000000046,0.9925953500994364,4.0,0.005244004175248183,0.9978393542746846
373,1.3000000000000045,0.9160284177749332,4.0,-0.10081988013970547,0.8152085376352277
374,1.4000000000000048,0.4660711245680721,4.0,0.024555932873316012,0.4906270574413881
375,1.500000000000005,0.0551448314451324,4.0,0.019728854571783052,0.07487368601691545
376,1.600000000000005,0.0,4.0,0.01111157168401771,0.01111157168401771
377,1.7000000000000046,0.1026852518966939,4.0,-0.043467296226894034,0.05921795566979987
378,1.8000000000000052,0.133015492018097,4.0,-0.08600670881920515,0.04700878319889186
379,1.9000000000000057,0.2070436409532919,4.0,-0.04388145864473862,0.16316218230855328
380,2.0000000000000053,0.3034537317750904,4.0,0.01904564036740413,0.3224993721424945
381,2.100000000000005,0.3983163535511395,4.0,-0.015863425414761264,0.3824529281363782
382,2.200000000000005,0.3551459169778792,4.0,0.1100162455402012,0.4651621625180804
383,2.300000000000006,0.2888125882584471,4.0,0.027214170609860245,0.31602675886830733
384,2.4000000000000057,0.2612076434909554,4.0,0.0014011555366419933,0.2626087990275974
385,2.5000000000000053,0.2912303669608596,4.0,-0.09891430998994627,0.1923160569709133
386,2.600000000000006,0.3887500319883702,4.0,-0.029080216169342858,0.35966981581902735
387,2.7000000000000064,0.5884378045139977,4.0,0.026506582482479654,0.6149443869964774
388,2.800000000000006,0.8903254074696331,4.0,-0.03640879208902495,0.8539166153806081
389,2.9000000000000057,0.9884786043703118,4.0,-0.09550848864653057,0.8929701157237812
390,3.000000000000006,0.989498623039233,4.0,0.14087107846077204,1.130369701500005
391,3.1000000000000068,0.990345531790646,4.0,-0.012322175089331665,0.9780233567013144
392,3.2000000000000064,0.9911658259517494,4.0,0.04205920633733015,1.0332250322890795
393,3.300000000000006,0.9919353667833058,4.0,-0.018146751416366215,0.9737886153669396
394,3.4000000000000066,0.9926584295680222,4.0,0.017856873685781368,1.0105153032538035
395,3.500000000000007,0.9933911362947244,4.0,0.03299882935154379,1.0263899656462683
396,3.6000000000000068,0.9941587250935144,4.0,0.003583071995713019,0.9977417970892275
397,3.7000000000000064,0.9950082835797605,4.0,0.07757235335873335,1.0725806369384938
398,3.800000000000007,0.9959098817005758,4.0,0.07413482274770432,1.0700447044482801
399,3.900000000000008,0.9967225816845996,4.0,-0.08868993560346088,0.9080326460811388
400,-4.0,0.6841668311860108,5.0,0.01499801989653184,0.6991648510825427
401,-3.9,0.6614069966195749,5.0,0.06874608543522727,0.7301530820548022
402,-3.8,0.6354456912685712,5.0,0.046112545508997,0.6815582367775682
403,-3.7,0.6094843859175683,5.0,-0.017541379643043416,0.5919430062745249
404,-3.6,0.5833417017702061,5.0,-0.029630470809684537,0.5537112309605215
405,-3.5,0.5552918759426146,5.0,-0.020064960402994405,0.5352269155396202
406,-3.3999999999999995,0.5272420501150219,5.0,0.02370422457042815,0.5509462746854501
407,-3.2999999999999994,0.4991922242874297,5.0,-0.004233998876450617,0.4949582254109791
408,-3.1999999999999997,0.4711423984598369,5.0,0.029957683867340098,0.501100082327177
409,-3.099999999999999,0.4430925726322446,5.0,0.0637842227015818,0.5068767953338265
410,-2.999999999999999,0.415042746804652,5.0,0.03153343546826558,0.44657618227291757
411,-2.899999999999999,0.3869929209770595,5.0,0.01609336063529997,0.4030862816123595
412,-2.799999999999999,0.3589430951494672,5.0,-0.023724916947640867,0.3352181782018263
413,-2.699999999999999,0.3310773680947105,5.0,-0.0640514793948056,0.2670258886999049
414,-2.5999999999999988,0.3033565262268085,5.0,0.04429358224699852,0.347650108473807
415,-2.4999999999999987,0.2756356843589063,5.0,0.03061671708069149,0.30625240143959775
416,-2.3999999999999986,0.2479148424910043,5.0,0.03715015011097154,0.2850649926019758
417,-2.2999999999999985,0.2243873045737743,5.0,0.03674828725786726,0.26113559183164153
418,-2.1999999999999984,0.2022003846191618,5.0,0.054638694900373104,0.2568390795195349
419,-2.0999999999999983,0.1881698965356747,5.0,0.03211297489411892,0.22028287142979364
420,-1.9999999999999984,0.1781394829013399,5.0,0.08501932607022306,0.26315880897156296
421,-1.899999999999998,0.1681090692670048,5.0,0.03046435651878383,0.19857342578578863
422,-1.799999999999998,0.1580786556326701,5.0,0.013835062372029264,0.17191371800469935
423,-1.699999999999998,0.1480482419983351,5.0,-0.061151432962089275,0.08689680903624583
424,-1.599999999999998,0.1394838187829368,5.0,-0.08592481122805536,0.05355900755488145
425,-1.4999999999999978,0.1400583716641587,5.0,0.0012395480212012149,0.1412979196853599
426,-1.3999999999999977,0.1219115992816922,5.0,0.0791316210219123,0.2010432203036045
427,-1.2999999999999976,0.0991297243588153,5.0,0.11959361223555662,0.21872333659437193
428,-1.1999999999999975,0.0764110397143249,5.0,-0.10792450396544044,-0.031513464251115536
429,-1.0999999999999974,0.0514738359675911,5.0,0.012728576282477266,0.06420241225006837
430,-0.9999999999999972,0.0409181737364421,5.0,0.04049979542060649,0.08141796915704859
431,-0.8999999999999972,0.0597853463189845,5.0,0.03145755450356574,0.09124290082255024
432,-0.7999999999999972,0.0503852690214544,5.0,0.07250130006701082,0.12288656908846521
433,-0.6999999999999971,0.0246882780815293,5.0,0.03337308171525868,0.058061359796787976
434,-0.599999999999997,0.0175851225386106,5.0,0.012071651817723834,0.02965677435633443
435,-0.4999999999999969,0.0109590046460583,5.0,-0.06624511286910546,-0.055286108223047165
436,-0.3999999999999968,0.0283487000848094,5.0,0.10032548549349034,0.12867418557829974
437,-0.2999999999999967,0.0072812070201497,5.0,-0.0620517128223868,-0.0547705058022371
438,-0.1999999999999966,0.0015729088196672,5.0,0.010944281477996465,0.012517190297663666
439,-0.0999999999999965,0.0,5.0,-0.021336233043842422,-0.021336233043842422
440,3.552713678800501e-15,0.0219266947584459,5.0,0.03804210717066185,0.05996880192910775
441,0.1000000000000032,0.0504390139194451,5.0,-0.06122868836648746,-0.01078967444704236
442,0.2000000000000037,0.0627334003168332,5.0,-0.009098394279305772,0.053635006037527425
443,0.3000000000000042,0.0750277867142212,5.0,-0.0022724472276169426,0.07275533948660426
444,0.4000000000000039,0.0961960191172974,5.0,0.029923670645884935,0.12611968976318233
445,0.5000000000000036,0.1340669538075707,5.0,6.393319399347699e-05,0.13413088700156417
446,0.6000000000000041,0.158095572384409,5.0,0.04995707475738001,0.208052647141789
447,0.7000000000000046,0.183582027963506,5.0,-0.06858911129741631,0.1149929166660897
448,0.8000000000000043,0.2086546234001323,5.0,0.037756352488511245,0.24641097588864355
449,0.9000000000000039,0.2216502266654432,5.0,0.034090543986238224,0.25574077065168144
450,1.0000000000000044,0.2385668259693557,5.0,-0.041308738565364975,0.1972580874039907
451,1.100000000000005,0.2702943087944049,5.0,-0.018420865449300036,0.25187344334510486
452,1.2000000000000046,0.3092897764863228,5.0,0.009963028459000604,0.3192528049453234
453,1.3000000000000045,0.3596856472859275,5.0,0.00012784185740202032,0.3598134891433295
454,1.4000000000000048,0.3936147575420443,5.0,-0.08120532188387082,0.3124094356581735
455,1.500000000000005,0.4085902409987896,5.0,-0.08085495222668695,0.3277352887721027
456,1.600000000000005,0.4235657244555352,5.0,0.11768851190493919,0.5412542363604744
457,1.7000000000000046,0.4385412079122792,5.0,-0.020899575116022882,0.4176416327962563
458,1.8000000000000052,0.4409089573601001,5.0,0.010830697212919387,0.4517396545730195
459,1.9000000000000057,0.4505992454694282,5.0,-0.00922684112330184,0.44137240434612635
460,2.0000000000000053,0.4724491094389688,5.0,0.0357934619573746,0.5082425713963434
461,2.100000000000005,0.4942989734085092,5.0,0.11855344651299458,0.6128524199215037
462,2.200000000000005,0.5161488373780497,5.0,-0.006227110520698138,0.5099217268573516
463,2.300000000000006,0.5379987013475909,5.0,0.027964229747358314,0.5659629310949492
464,2.4000000000000057,0.5601536988116786,5.0,0.03164746659514608,0.5918011654068247
465,2.5000000000000053,0.5838951050872487,5.0,-0.08228735465822765,0.5016077504290211
466,2.600000000000006,0.6072702736193109,5.0,-0.06177227391472658,0.5454979997045842
467,2.7000000000000064,0.6316984527719891,5.0,-0.03507060585355466,0.5966278469184344
468,2.800000000000006,0.6608153445281615,5.0,0.08032313825385069,0.7411384827820122
469,2.9000000000000057,0.6899322362843336,5.0,-0.04993110857690381,0.6400011277074298
470,3.000000000000006,0.7190491280405069,5.0,-0.033450633916725474,0.6855984941237815
471,3.1000000000000068,0.7481660197966787,5.0,0.08040603444134346,0.8285720542380222
472,3.2000000000000064,0.7765773795657114,5.0,-0.05337264856976166,0.7232047309959497
473,3.300000000000006,0.8034942312320648,5.0,0.0497850990176802,0.853279330249745
474,3.4000000000000066,0.8304110828984197,5.0,-0.02558673272581639,0.8048243501726033
475,3.500000000000007,0.8632483575223833,5.0,-0.037314733570069494,0.8259336239523137
476,3.6000000000000068,0.8974362681417878,5.0,-0.006858146686882133,0.8905781214549057
477,3.7000000000000064,0.9316241787611912,5.0,-0.04695415169408938,0.8846700270671018
478,3.800000000000007,0.9658120893805948,5.0,0.04594397655840218,1.011756065938997
479,3.900000000000008,0.999999999999998,5.0,-0.09319534594592083,0.9068046540540772
480,-4.0,0.1822633557713737,6.0,-0.09471289742441563,0.08755045834695807
481,-3.9,0.1764937771015282,6.0,0.06363228172089466,0.24012605882242286
482,-3.8,0.1707241984316828,6.0,0.016413818781121078,0.18713801721280388
483,-3.7,0.1649546197618371,6.0,-0.04611775324829709,0.11883686651354
484,-3.6,0.159185041091992,6.0,0.049974702809559166,0.20915974390155118
485,-3.5,0.1534154624221465,6.0,0.05038845094718902,0.2038039133693355
486,-3.3999999999999995,0.1476458837523005,6.0,-0.038575031950972734,0.10907085180132778
487,-3.2999999999999994,0.1418763050824556,6.0,-0.07652442169398853,0.06535188338846708
488,-3.1999999999999997,0.1364010602108838,6.0,-0.032032851676776594,0.1043682085341072
489,-3.099999999999999,0.131144009597167,6.0,0.043370783537959715,0.1745147931351267
490,-2.999999999999999,0.126239230450249,6.0,0.09186751654999212,0.21810674700024113
491,-2.899999999999999,0.1213344513033306,6.0,-0.08883195028700991,0.0325025010163207
492,-2.799999999999999,0.116429672156412,6.0,-0.07090553081115757,0.04552414134525444
493,-2.699999999999999,0.1115020836812431,6.0,0.0467151149847727,0.1582171986660158
494,-2.5999999999999988,0.1063924360821002,6.0,0.00020895103777824025,0.10660138711987843
495,-2.4999999999999987,0.1012827884829567,6.0,-0.02124465720670449,0.08003813127625221
496,-2.3999999999999986,0.0963936082962247,6.0,-0.013613309543316328,0.08278029875290838
497,-2.2999999999999985,0.0917223496427099,6.0,-0.024059592801512188,0.06766275684119771
498,-2.1999999999999984,0.0876403571851322,6.0,0.0007879040623203665,0.08842826124745257
499,-2.0999999999999983,0.0835583647275538,6.0,-0.025062428617205437,0.05849593611034837
500,-1.9999999999999984,0.0793045082086334,6.0,-0.09339670540947147,-0.01409219720083807
501,-1.899999999999998,0.074880294704436,6.0,-0.10937597893263831,-0.03449568422820232
502,-1.799999999999998,0.0704560812002379,6.0,-0.011380327984656047,0.05907575321558185
503,-1.699999999999998,0.0660318676960407,6.0,0.031003041254358904,0.09703490895039961
504,-1.599999999999998,0.0616076541918427,6.0,0.0050791177335552,0.0666867719253979
505,-1.4999999999999978,0.0571834406876447,6.0,0.060930515578527474,0.11811395626617217
506,-1.3999999999999977,0.0534280761120037,6.0,0.04910276951369996,0.10253084562570366
507,-1.2999999999999976,0.0499184656474903,6.0,0.024159452267005,0.0740779179144953
508,-1.1999999999999975,0.0464088551829769,6.0,-0.06516372327361108,-0.01875486809063418
509,-1.0999999999999974,0.0423982151356862,6.0,-0.08419382461833926,-0.041795609482653054
510,-0.9999999999999972,0.0392663100436068,6.0,-0.013908320351745605,0.02535798969186119
511,-0.8999999999999972,0.0365889906979082,6.0,0.02468668748668869,0.06127567818459689
512,-0.7999999999999972,0.0293486680486698,6.0,0.03165079872469534,0.06099946677336514
513,-0.6999999999999971,0.021761627115746,6.0,0.07280715930103826,0.09456878641678426
514,-0.599999999999997,0.0161194161106881,6.0,0.0413980002396549,0.05751741635034299
515,-0.4999999999999969,0.0176764477266326,6.0,0.024787362891326846,0.042463810617959445
516,-0.3999999999999968,0.0132583389603589,6.0,0.04722319284289845,0.06048153180325735
517,-0.2999999999999967,0.0142530618689633,6.0,-0.07466147476456289,-0.06040841289559959
518,-0.1999999999999966,0.0104346605431917,6.0,-0.026385068774139462,-0.01595040823094776
519,-0.0999999999999965,0.0020133899544685,6.0,-0.043026923929350966,-0.041013533974882464
520,3.552713678800501e-15,0.0,6.0,-0.015426970266814308,-0.015426970266814308
521,0.1000000000000032,0.0051981900117147,6.0,0.04519402429328174,0.050392214304996436
522,0.2000000000000037,0.0091477727850219,6.0,0.05105985449601719,0.06020762728103909
523,0.3000000000000042,0.0232740008740501,6.0,-0.05906540289043012,-0.03579140201638002
524,0.4000000000000039,0.1032026316100446,6.0,0.05529960834440334,0.15850223995444795
525,0.5000000000000036,0.1436786606009524,6.0,-0.046364063754707405,0.09731459684624501
526,0.6000000000000041,0.1800851990071521,6.0,-0.057063921729550215,0.1230212772776019
527,0.7000000000000046,0.2161656214670712,6.0,-0.12117485597473127,0.09499076549233992
528,0.8000000000000043,0.2484250735768869,6.0,0.03983763372488445,0.28826270730177134
529,0.9000000000000039,0.2773672951997408,6.0,-0.04331238529287672,0.23405490990686406
530,1.0000000000000044,0.3012035131502579,6.0,-0.03376924346825968,0.26743426968199824
531,1.100000000000005,0.3250618111414244,6.0,-0.015569308962474904,0.3094925021789495
532,1.2000000000000046,0.3489201091325907,6.0,-0.021768358077657986,0.3271517510549327
533,1.3000000000000045,0.3741375661489457,6.0,0.02660572585671548,0.4007432920056612
534,1.4000000000000048,0.4026058662243451,6.0,-0.028648651815413345,0.3739572144089317
535,1.500000000000005,0.4318948094081255,6.0,-0.02349922793343242,0.4083955814746931
536,1.600000000000005,0.4527204976843484,6.0,-0.0017872335695255739,0.4509332641148228
537,1.7000000000000046,0.4761364342774999,6.0,0.006629791234618161,0.48276622551211806
538,1.8000000000000052,0.4995523708706515,6.0,0.08175114185212523,0.5813035127227768
539,1.9000000000000057,0.5237519861100124,6.0,0.0403987069974126,0.5641506931074249
540,2.0000000000000053,0.5485252301144103,6.0,0.06128450382056487,0.6098097339349752
541,2.100000000000005,0.5732984741188072,6.0,0.08861196876394865,0.6619104428827558
542,2.200000000000005,0.5981832740830652,6.0,-0.011114203677879127,0.5870690704051861
543,2.300000000000006,0.6229910906546241,6.0,0.030807303695189175,0.6537983943498132
544,2.4000000000000057,0.6480461325345855,6.0,0.03702814332361411,0.6850742758581997
545,2.5000000000000053,0.6779761132738401,6.0,0.03832388727150701,0.7163000005453471
546,2.600000000000006,0.7079060940130965,6.0,-0.1020117163184462,0.6058943776946503
547,2.7000000000000064,0.7378360747523519,6.0,-0.09120565901863906,0.6466304157337128
548,2.800000000000006,0.7611973962734407,6.0,0.009381963387700096,0.7705793596611409
549,2.9000000000000057,0.7829362845682953,6.0,0.006390716082394092,0.7893270006506894
550,3.000000000000006,0.8046751728631503,6.0,-0.02713779117318621,0.777537381689964
551,3.1000000000000068,0.8264140611580051,6.0,0.07828246549255523,0.9046965266505603
552,3.2000000000000064,0.8481529494528595,6.0,0.02599342650852509,0.8741463759613846
553,3.300000000000006,0.8698918377477146,6.0,-0.05227598919355879,0.8176158485541558
554,3.4000000000000066,0.8916307260425684,6.0,-0.0089448527960326,0.8826858732465358
555,3.500000000000007,0.9133696143374238,6.0,0.037631701381044116,0.9510013157184679
556,3.6000000000000068,0.9351085026322788,6.0,-0.0039374545449465045,0.9311710480873323
557,3.7000000000000064,0.956847390927133,6.0,0.028985903042356192,0.9858332939694892
558,3.800000000000007,0.9785862792219878,6.0,-0.030209322398609257,0.9483769568233785
559,3.900000000000008,1.0,6.0,-0.04593460291532816,0.9540653970846719
560,-4.0,0.0969362100255044,7.0,0.059739447485661415,0.1566756575111658
561,-3.9,0.0925940244127177,7.0,-0.016594466252381184,0.07599955816033652
562,-3.8,0.0882518387999308,7.0,0.0032690658883577778,0.09152090468828858
563,-3.7,0.0839096531871445,7.0,-0.05243314488052318,0.03147650830662131
564,-3.6,0.0795674675743573,7.0,0.07083546197696738,0.15040292955132467
565,-3.5,0.0752252819615707,7.0,0.07474514877336605,0.14997043073493677
566,-3.3999999999999995,0.0708830963487836,7.0,-0.03188154669040766,0.03900154965837595
567,-3.2999999999999994,0.0665409107359969,7.0,0.07676792841679281,0.1433088391527897
568,-3.1999999999999997,0.0621987251232098,7.0,0.06373551320161917,0.12593423832482897
569,-3.099999999999999,0.0579478745522225,7.0,-0.03636152998171471,0.021586344570507787
570,-2.999999999999999,0.0538061800582645,7.0,-0.010815694231702937,0.042990485826561564
571,-2.899999999999999,0.0496522856973559,7.0,0.02515603352372075,0.07480831922107664
572,-2.799999999999999,0.0453129811358665,7.0,0.048642355579831875,0.09395533671569838
573,-2.699999999999999,0.0409736765743773,7.0,0.04575342889133066,0.08672710546570797
574,-2.5999999999999988,0.0366343720128879,7.0,-0.005825375625730555,0.030808996387157343
575,-2.4999999999999987,0.0322950674513981,7.0,-0.019338633974074093,0.01295643347732401
576,-2.3999999999999986,0.0279557628899085,7.0,0.07667228206251345,0.10462804495242195
577,-2.2999999999999985,0.0242225396416207,7.0,-0.038383883007767156,-0.014161343366146457
578,-2.1999999999999984,0.0209663433447275,7.0,0.03486740878162393,0.05583375212635143
579,-2.0999999999999983,0.0176825474869435,7.0,-0.05731031355239725,-0.03962776606545375
580,-1.9999999999999984,0.014814615454282,7.0,0.027309218816547784,0.04212383427082979
581,-1.899999999999998,0.0124805821169055,7.0,0.1358854360765052,0.1483660181934107
582,-1.799999999999998,0.010146548779529,7.0,0.028049349249571347,0.038195898029100346
583,-1.699999999999998,0.0078125154421524,7.0,-0.04382131588159954,-0.03600880043944714
584,-1.599999999999998,0.0056138083865924,7.0,0.05605288416871272,0.06166669255530512
585,-1.4999999999999978,0.0037670567568608,7.0,-0.02553283855314799,-0.02176578179628719
586,-1.3999999999999977,0.0,7.0,-0.0321832812104659,-0.0321832812104659
587,-1.2999999999999976,0.000454822186789,7.0,-0.07163932279927923,-0.07118450061249024
588,-1.1999999999999975,0.0176461619565373,7.0,-0.047682652473843117,-0.030036490517305815
589,-1.0999999999999974,0.0410198027300507,7.0,-0.03435036424615337,0.006669438483897332
590,-0.9999999999999972,0.0594671041280793,7.0,-0.016176924735178958,0.043290179392900335
591,-0.8999999999999972,0.0607918444952786,7.0,0.028786323305252864,0.08957816780053146
592,-0.7999999999999972,0.0718432770865659,7.0,0.04501254366747505,0.11685582075404095
593,-0.6999999999999971,0.084670173592563,7.0,0.058150728354602686,0.14282090194716568
594,-0.599999999999997,0.0770538866005884,7.0,0.03282994768243902,0.10988383428302742
595,-0.4999999999999969,0.0864969807410379,7.0,-0.03251717035434599,0.05397981038669191
596,-0.3999999999999968,0.1053673984992066,7.0,0.10790888692758112,0.21327628542678773
597,-0.2999999999999967,0.1092188307956976,7.0,-0.023564626221611307,0.08565420457408629
598,-0.1999999999999966,0.1091906751694634,7.0,-0.015091641861224803,0.0940990333082386
599,-0.0999999999999965,0.0902340820512276,7.0,-0.04341828616372262,0.04681579588750498
600,3.552713678800501e-15,0.1053992486395336,7.0,0.028436837494658872,0.13383608613419246
601,0.1000000000000032,0.1491433206434406,7.0,0.058231783667111785,0.2073751043105524
602,0.2000000000000037,0.1386909885221545,7.0,0.014424408296718092,0.1531153968188726
603,0.3000000000000042,0.1461723218514005,7.0,0.043921412164236215,0.19009373401563673
604,0.4000000000000039,0.150485061839967,7.0,-0.017264963363971507,0.13322009847599547
605,0.5000000000000036,0.1633618743547939,7.0,-0.012586067649494251,0.15077580670529966
606,0.6000000000000041,0.1755460654551736,7.0,0.08109234213207511,0.2566384075872487
607,0.7000000000000046,0.1897266494174133,7.0,0.02000671944053535,0.20973336885794863
608,0.8000000000000043,0.1969402296755349,7.0,0.05296418143687682,0.2499044111124117
609,0.9000000000000039,0.209720088224935,7.0,0.04406705283745507,0.2537871410623901
610,1.0000000000000044,0.2245149972132722,7.0,0.0030546588528245788,0.22756965606609678
611,1.100000000000005,0.2391295603635898,7.0,0.070970456478455,0.3101000168420448
612,1.2000000000000046,0.2610085763883411,7.0,0.02842079388201878,0.28942937027035986
613,1.3000000000000045,0.2862645333502138,7.0,0.04486108607858403,0.3311256194287978
614,1.4000000000000048,0.314991187494423,7.0,-0.004962341557073476,0.31002884593734953
615,1.500000000000005,0.3435540236379146,7.0,-0.038095426491270214,0.30545859714664436
616,1.600000000000005,0.3719483923201567,7.0,-0.12869482758345227,0.24325356473670443
617,1.7000000000000046,0.4003427610023989,7.0,0.05821792593810406,0.45856068694050295
618,1.8000000000000052,0.4290870865530389,7.0,-0.006228697020297303,0.4228583895327416
619,1.9000000000000057,0.4579162292606357,7.0,-0.06021073779437807,0.3977054914662576
620,2.0000000000000053,0.4824227904280266,7.0,0.09474527382850605,0.5771680642565327
621,2.100000000000005,0.5039900353115518,7.0,-0.052582328047772436,0.45140770726377943
622,2.200000000000005,0.5255572801950771,7.0,0.010852382171926366,0.5364096623670035
623,2.300000000000006,0.5496123103963986,7.0,-0.011460484311686878,0.5381518260847117
624,2.4000000000000057,0.5752606963339431,7.0,0.024206839621799446,0.5994675359557425
625,2.5000000000000053,0.600909082271488,7.0,-0.03187830624511267,0.5690307760263753
626,2.600000000000006,0.6283247035009741,7.0,-0.04559470157168627,0.5827300019292878
627,2.7000000000000064,0.6567064416588767,7.0,-0.021479666843179868,0.6352267748156968
628,2.800000000000006,0.6850881798167792,7.0,-0.007369813931525487,0.6777183658852537
629,2.9000000000000057,0.7134931347434623,7.0,0.07855828944546497,0.7920514241889273
630,3.000000000000006,0.7422529765262851,7.0,0.15106762064416068,0.8933205971704458
631,3.1000000000000068,0.7710128183091083,7.0,-0.011600745598072164,0.7594120727110362
632,3.2000000000000064,0.8000702244442485,7.0,0.017485461283967333,0.8175556857282158
633,3.300000000000006,0.8296624672574053,7.0,-0.012044719242630564,0.8176177480147748
634,3.4000000000000066,0.8588417653859068,7.0,-0.031085931788592078,0.8277558335973147
635,3.500000000000007,0.8870734123087252,7.0,0.09222457871336173,0.9792979910220869
636,3.6000000000000068,0.9153050592315436,7.0,0.029519822034908043,0.9448248812664516
637,3.7000000000000064,0.9435367061543616,7.0,-0.03004740577054244,0.9134893003838191
638,3.800000000000007,0.9717683530771812,7.0,0.13357909146893118,1.1053474445461124
639,3.900000000000008,0.9999999999999988,7.0,0.04299299376593016,1.042992993765929
640,-4.0,0.9999999999999998,8.0,0.03603906014927998,1.0360390601492797
641,-3.9,0.967507209327985,8.0,0.10089746221571658,1.0684046715437014
642,-3.8,0.9350144186559708,8.0,-0.0018783116178908792,0.9331361070380799
643,-3.7,0.902521627983956,8.0,-0.0006546988169553004,0.9018669291670006
644,-3.6,0.8700288373119422,8.0,0.023952959551188712,0.893981796863131
645,-3.5,0.8375360466399268,8.0,-0.07932916334912447,0.7582068832908023
646,-3.3999999999999995,0.805043255967912,8.0,0.026366292860740204,0.8314095488286523
647,-3.2999999999999994,0.7725504652958982,8.0,-0.0028941419791625716,0.7696563233167356
648,-3.1999999999999997,0.7400576746238836,8.0,0.00664355490409073,0.7467012295279744
649,-3.099999999999999,0.707748255084543,8.0,-0.07976899766019696,0.627979257424346
650,-2.999999999999999,0.6753938151531375,8.0,0.028460890008883046,0.7038547051620205
651,-2.899999999999999,0.6430393752217324,8.0,-0.08906998399156711,0.5539693912301653
652,-2.799999999999999,0.6106849352903269,8.0,0.019151200961728083,0.6298361362520549
653,-2.699999999999999,0.5783304953589218,8.0,0.10607659414032236,0.6844070894992441
654,-2.5999999999999988,0.546321582279046,8.0,-0.05001605214266927,0.4963055301363768
655,-2.4999999999999987,0.5143671359805325,8.0,-0.01649767470388762,0.4978694612766449
656,-2.3999999999999986,0.482789171676217,8.0,0.016190794555178595,0.49897996623139557
657,-2.2999999999999985,0.4510997648555137,8.0,-0.014502180880689422,0.43659758397482423
658,-2.1999999999999984,0.4190426329841775,8.0,0.14615936678018487,0.5652019997643624
659,-2.0999999999999983,0.3870356465217081,8.0,-0.06497537040186337,0.3220602761198447
660,-1.9999999999999984,0.355082892215658,8.0,-0.035187030849881486,0.31989586136577647
661,-1.899999999999998,0.3231301379096075,8.0,0.000485094101622288,0.32361523201122977
662,-1.799999999999998,0.2909722863471112,8.0,-0.040494671688336134,0.25047761465877505
663,-1.699999999999998,0.2588231755566769,8.0,-0.012173805669780149,0.24664936988689673
664,-1.599999999999998,0.2266785847992746,8.0,-0.014837777208724388,0.2118408075905502
665,-1.4999999999999978,0.1922680577027419,8.0,-0.01756405221852935,0.17470400548421255
666,-1.3999999999999977,0.1611696531379285,8.0,-0.011265896910968954,0.14990375622695953
667,-1.2999999999999976,0.1289948472438288,8.0,0.003858617656889928,0.13285346490071873
668,-1.1999999999999975,0.0982583481984628,8.0,-0.03997904169368617,0.058279306504776626
669,-1.0999999999999974,0.0759688890093865,8.0,-0.0417753067916024,0.0341935822177841
670,-0.9999999999999972,0.0545274021912669,8.0,-0.036436732486717166,0.018090669704549735
671,-0.8999999999999972,0.0317929356922,8.0,0.03468312232262076,0.06647605801482076
672,-0.7999999999999972,0.0208062590381813,8.0,0.03400357688043571,0.05480983591861701
673,-0.6999999999999971,0.0125879557188678,8.0,-0.017507603436794025,-0.004919647717926225
674,-0.599999999999997,0.0067867136821495,8.0,-0.035106217035383004,-0.028319503353233504
675,-0.4999999999999969,0.0,8.0,-0.016793264210434557,-0.016793264210434557
676,-0.3999999999999968,0.0010887207257184,8.0,-0.06612013422058041,-0.06503141349486201
677,-0.2999999999999967,0.0095950321962658,8.0,0.05285905867965515,0.06245409087592095
678,-0.1999999999999966,0.034866738461668,8.0,0.06537022615869302,0.10023696462036102
679,-0.0999999999999965,0.0565829265029151,8.0,-0.08365788757726104,-0.027074961074345948
680,3.552713678800501e-15,0.0793901425057897,8.0,0.007071471499953477,0.08646161400574318
681,0.1000000000000032,0.1183220341150063,8.0,-0.0853486016489603,0.032973432466046004
682,0.2000000000000037,0.1542981976343538,8.0,0.05553353538663214,0.20983173302098593
683,0.3000000000000042,0.1898302998396851,8.0,0.0011717361525184753,0.19100203599220358
684,0.4000000000000039,0.2251132237754055,8.0,0.01412783088726114,0.23924105466266662
685,0.5000000000000036,0.2636028494902238,8.0,0.006989333307048886,0.27059218279727265
686,0.6000000000000041,0.3161979039749874,8.0,-0.012690476582204112,0.3035074273927833
687,0.7000000000000046,0.3509795418105433,8.0,-0.11603271340735714,0.23494682840318615
688,0.8000000000000043,0.3757881212266891,8.0,0.07109470125313604,0.44688282247982514
689,0.9000000000000039,0.399362914430408,8.0,0.06458463947446981,0.4639475539048778
690,1.0000000000000044,0.4195748447280372,8.0,-0.03900806142803423,0.38056678330000293
691,1.100000000000005,0.4420272728651429,8.0,-0.017533391780141978,0.4244938810850009
692,1.2000000000000046,0.4641242357098021,8.0,-0.10257685038244507,0.36154738532735703
693,1.3000000000000045,0.4836336592097149,8.0,-0.05183789923215425,0.43179575997756064
694,1.4000000000000048,0.5013096693356255,8.0,0.059127428261813296,0.5604370975974388
695,1.500000000000005,0.5184078777537086,8.0,-0.007898419293388092,0.5105094584603205
696,1.600000000000005,0.5351803133360049,8.0,0.03233154230030322,0.5675118556363081
697,1.7000000000000046,0.551690501692032,8.0,0.020720512375595995,0.5724110140676281
698,1.8000000000000052,0.5682006900480585,8.0,-0.02410861286698037,0.5440920771810781
699,1.9000000000000057,0.5869075049778331,8.0,-0.1585231124832881,0.42838439249454496
700,2.0000000000000053,0.6067276930120397,8.0,-0.010447916491837003,0.5962797765202027
701,2.100000000000005,0.6254560234929727,8.0,0.03164016289334368,0.6570961863863164
702,2.200000000000005,0.6441843539739055,8.0,0.11874761332490709,0.7629319672988126
703,2.300000000000006,0.6629126844548383,8.0,-0.004285997195503249,0.658626687259335
704,2.4000000000000057,0.6816410149357716,8.0,-0.03328649495308216,0.6483545199826894
705,2.5000000000000053,0.7003693454167043,8.0,0.09447561604596201,0.7948449614626663
706,2.600000000000006,0.7190976758976373,8.0,-0.0014932494688211053,0.7176044264288162
707,2.7000000000000064,0.7378260063785704,8.0,-0.006303160386388477,0.731522845992182
708,2.800000000000006,0.7565543368595026,8.0,0.053301645963983874,0.8098559828234865
709,2.9000000000000057,0.7752826673404358,8.0,0.0006340163039674135,0.7759166836444032
710,3.000000000000006,0.7941357124944265,8.0,-0.08376517708305513,0.7103705354113714
711,3.1000000000000068,0.8143032861221784,8.0,-0.012133883271042794,0.8021694028511356
712,3.2000000000000064,0.8344482862380938,8.0,0.00958308767560006,0.8440313739136938
713,3.300000000000006,0.8545442238438471,8.0,0.13763432196025358,0.9921785458041007
714,3.4000000000000066,0.8746401614496011,8.0,0.08907273192955845,0.9637128933791596
715,3.500000000000007,0.8947360990553557,8.0,-0.10108859573094299,0.7936475033244127
716,3.6000000000000068,0.9148320366611096,8.0,-0.050244844036958725,0.8645871926241508
717,3.7000000000000064,0.9349279742668634,8.0,0.02409156825629556,0.9590195425231589
718,3.800000000000007,0.9551394925584918,8.0,-0.01088866722887382,0.944250825329618
719,3.900000000000008,0.9753830643361144,8.0,-0.03908317973777168,0.9362998845983428
720,-4.0,0.7045038989907293,9.0,0.05859293834469824,0.7630968373354275
721,-3.9,0.6838789864873732,9.0,0.06879922041502372,0.752678206902397
722,-3.8,0.6625358350437953,9.0,0.010025199924908326,0.6725610349687037
723,-3.7,0.6402438122927082,9.0,-0.004898985110199434,0.6353448271825087
724,-3.6,0.6189028396575814,9.0,-0.05725205556064189,0.5616507840969396
725,-3.5,0.5975618670224556,9.0,-0.09596963449193764,0.501592232530518
726,-3.3999999999999995,0.5762208943873297,9.0,0.0050860274668438924,0.5813069218541737
727,-3.2999999999999994,0.554879921752204,9.0,0.002269392458022601,0.5571493142102266
728,-3.1999999999999997,0.5335389491170774,9.0,0.02500041601682709,0.5585393651339046
729,-3.099999999999999,0.5121979764819511,9.0,0.03032724479621245,0.5425252212781635
730,-2.999999999999999,0.4908570038468257,9.0,-0.1322430191745861,0.3586139846722396
731,-2.899999999999999,0.4695160312116989,9.0,-0.07651040675115389,0.393005624460545
732,-2.799999999999999,0.4481750585765733,9.0,0.04472587267205452,0.4929009312486278
733,-2.699999999999999,0.4287376891397441,9.0,-0.02733735242514993,0.40140033671459413
734,-2.5999999999999988,0.4105877571067133,9.0,-0.06405816731631231,0.346529589790401
735,-2.4999999999999987,0.3882900439877715,9.0,0.03341094510781411,0.4217009890955856
736,-2.3999999999999986,0.366349951273448,9.0,-0.08246159369583772,0.2838883575776103
737,-2.2999999999999985,0.3455380781852961,9.0,-0.07022002972177514,0.2753180484635209
738,-2.1999999999999984,0.3239066525811626,9.0,0.0019191869227378666,0.3258258395039004
739,-2.0999999999999983,0.3000644082935808,9.0,0.11366717939719483,0.4137315876907756
740,-1.9999999999999984,0.2762221640059989,9.0,-0.09842041590672292,0.177801748099276
741,-1.899999999999998,0.252379919718417,9.0,-0.15468590844131117,0.09769401127710584
742,-1.799999999999998,0.2273144946664722,9.0,0.06409123981955633,0.2914057344860285
743,-1.699999999999998,0.2072406562912478,9.0,-0.06251295563875052,0.1447277006524973
744,-1.599999999999998,0.1878986851644568,9.0,-0.007420035013330897,0.1804786501511259
745,-1.4999999999999978,0.1766986160741248,9.0,-0.004459014615393224,0.17223960145873157
746,-1.3999999999999977,0.1662165174298445,9.0,0.040579024299555524,0.2067955417294
747,-1.2999999999999976,0.1666598744176068,9.0,0.002527233144100132,0.16918710756170693
748,-1.1999999999999975,0.1603935296891469,9.0,0.0010618555081166325,0.16145538519726355
749,-1.0999999999999974,0.1606703936128433,9.0,-0.037992537218435644,0.12267785639440765
750,-0.9999999999999972,0.1516571337667265,9.0,0.03187324819689441,0.1835303819636209
751,-0.8999999999999972,0.127068451232319,9.0,0.019278386791287336,0.14634683802360632
752,-0.7999999999999972,0.0873731724232341,9.0,-0.09000915470830617,-0.002635982285072072
753,-0.6999999999999971,0.0651931662975766,9.0,0.07133428472949585,0.13652745102707245
754,-0.599999999999997,0.0459776564062341,9.0,-0.007900014666720603,0.0380776417395135
755,-0.4999999999999969,0.022253614414893,9.0,-0.02059518449818237,0.0016584299167106305
756,-0.3999999999999968,0.0180070424016263,9.0,0.0897952962830775,0.1078023386847038
757,-0.2999999999999967,0.008184217135741,9.0,-0.014483335471296401,-0.0062991183355554006
758,-0.1999999999999966,0.0,9.0,0.03784273945755548,0.03784273945755548
759,-0.0999999999999965,0.0029024208654285,9.0,0.022263449432262997,0.025165870297691496
760,3.552713678800501e-15,0.0028957763458881,9.0,-0.08633879896880173,-0.08344302262291363
761,0.1000000000000032,0.0056282952265515,9.0,-0.03337134529208117,-0.02774305006552967
762,0.2000000000000037,0.006037265438649,9.0,-0.09618801380814614,-0.09015074836949713
763,0.3000000000000042,0.0232262136373695,9.0,-0.017196085833234592,0.006030127804134908
764,0.4000000000000039,0.042021384465036,9.0,-0.1249416077299488,-0.0829202232649128
765,0.5000000000000036,0.0624392910610364,9.0,-0.13642887431584932,-0.07398958325481292
766,0.6000000000000041,0.0831915072616794,9.0,0.044101063025371486,0.12729257028705088
767,0.7000000000000046,0.0978522616678792,9.0,-0.013986441575316411,0.0838658200925628
768,0.8000000000000043,0.1302421817957737,9.0,0.08225545354418573,0.21249763533995944
769,0.9000000000000039,0.1526307050759129,9.0,-0.045367801357022536,0.10726290371889036
770,1.0000000000000044,0.169513285286771,9.0,-0.043600865239401265,0.12591242004736974
771,1.100000000000005,0.1874247248511017,9.0,0.012569022444910547,0.19999374729601224
772,1.2000000000000046,0.2062417502756614,9.0,-0.00046440293878061644,0.2057773473368808
773,1.3000000000000045,0.2238368249710289,9.0,-0.019979988426470006,0.2038568365445589
774,1.4000000000000048,0.2327934239590516,9.0,-0.04304239144632015,0.18975103251273145
775,1.500000000000005,0.2468662136459127,9.0,-0.011823839935848192,0.23504237371006453
776,1.600000000000005,0.2709100291561032,9.0,0.011262685778903506,0.2821727149350067
777,1.7000000000000046,0.2974109066066325,9.0,0.00569911353837281,0.3031100201450053
778,1.8000000000000052,0.3261972991158074,9.0,-0.06625783435606639,0.25993946475974106
779,1.9000000000000057,0.3549836916249821,9.0,-0.03552452043177542,0.3194591711932067
780,2.0000000000000053,0.3837700841341561,9.0,0.015450260555114337,0.3992203446892704
781,2.100000000000005,0.4125564766433309,9.0,0.030637516022358573,0.4431939926656895
782,2.200000000000005,0.4413428691525053,9.0,0.0399446591584579,0.4812875283109632
783,2.300000000000006,0.4701292616616802,9.0,0.02780278140198497,0.4979320430636651
784,2.4000000000000057,0.4989156541708547,9.0,-0.04464342088857558,0.4542722332822791
785,2.5000000000000053,0.5325625565896962,9.0,-0.04792447255213055,0.48463808403756564
786,2.600000000000006,0.5664837437990644,9.0,-0.03983746038603148,0.5266462834130329
787,2.7000000000000064,0.600404931008433,9.0,-0.013688426136355866,0.586716504872077
788,2.800000000000006,0.6293385095277667,9.0,-0.020277358517341703,0.609061151010425
789,2.9000000000000057,0.6579139216959251,9.0,0.010975382946735997,0.668889304642661
790,3.000000000000006,0.6870604533163882,9.0,-0.005461712203215767,0.6815987411131724
791,3.1000000000000068,0.7195485513537218,9.0,-0.12664777832711302,0.5929007730266087
792,3.2000000000000064,0.7546049824345047,9.0,-0.13256048115243507,0.6220445012820697
793,3.300000000000006,0.7896614135152875,9.0,-0.04132747459582029,0.7483339389194672
794,3.4000000000000066,0.8247178445960711,9.0,-0.062186704997853386,0.7625311395982177
795,3.500000000000007,0.8597742756768543,9.0,0.028449564430420793,0.8882238401072751
796,3.6000000000000068,0.894830706757637,9.0,-0.08236897305397271,0.8124617337036643
797,3.7000000000000064,0.9298871378384193,9.0,-0.052787958251619416,0.8770991795867998
798,3.800000000000007,0.9649435689192024,9.0,-0.0014390014895265296,0.9635045674296758
799,3.900000000000008,0.9999999999999858,9.0,-0.15173605353593064,0.8482639464640551
