,sigma,function,mae_nn_interp.,mae_nn_extrap.,mae_mdl_interp.,mae_mdl_extrap.,rmse_nn_interp.,rmse_nn_extrap.,rmse_mdl_interp.,rmse_mdl_extrap.,r
0,0.0,1,0.005506354346742322,0.8076746772957963,1.2337497921436717e-16,6.661338147750939e-16,0.006952240253566086,1.0807788691173918,1.968682191727399e-16,8.514391131271971e-16,0
1,0.0,1,0.0029404343655724404,0.7368826028364505,1.183225970905847e-16,4.797259982948207e-16,0.004160574337345678,1.0237290520084574,2.0845922586582832e-16,7.4055976263919785e-16,1
2,0.0,1,0.005565114744608556,0.913865554790859,1.411848069010624e-16,8.662480883495049e-16,0.0071713930057138164,1.204467240584037,2.3807115292023343e-16,1.1143273751277045e-15,2
3,0.02,1,0.0129933926972662,0.8827752098079542,0.0031853982429524263,0.22900299998295354,0.016672964450194814,1.1562999117752066,0.00639184119145978,0.28653063429006514,0
4,0.02,1,0.0037435039037650693,0.7429739507079218,0.001767014518326035,0.017312468028052367,0.0048609125838661995,1.0319015668586937,0.0024329788696113644,0.01862737439319892,1
5,0.02,1,0.009169709501103228,0.9612234483986032,0.0012485892606786697,0.004522448583167014,0.011766681850121561,1.2793153712250698,0.0017549124507969137,0.0048187742621220815,2
6,0.04,1,0.008933261907676186,1.0491027026622666,0.007023229220018431,0.0764491403165469,0.011804327312267063,1.3779363259452693,0.008832131085185786,0.08467155597785946,0
7,0.04,1,0.026523190356484146,1.224688204517004,0.002969285733810671,0.012137831618395302,0.03390810647303273,1.5151150100335127,0.0034531622202191854,0.012368744432535708,1
8,0.04,1,0.0068524073086365335,0.5702784119830099,0.008481095141031075,0.05470357361537141,0.00955084174423804,0.8546288407610876,0.010312373047981122,0.06071187022641025,2
9,0.06,1,0.011560391207061177,0.800841427176461,0.009213555577917077,0.042871847634912,0.015338676296651569,1.0836139611398026,0.011100187387101636,0.05247901382929133,0
10,0.06,1,0.013568921859668603,0.7580147492287505,0.012195471873529156,0.013492283328556282,0.017267110635354087,1.0641582488341486,0.015845549009780472,0.01666612433468747,1
11,0.06,1,0.02305456799707372,0.9431271306183734,0.019243898585673477,0.030593614130882196,0.025598064354967667,1.2285497473164406,0.020694327269551237,0.038339410816693176,2
12,0.08,1,0.02018081642364088,0.9706206626412605,0.016653904614848038,0.11928790624540106,0.02149685532555496,1.3239267545285813,0.020506134336596843,0.13818589725294378,0
13,0.08,1,0.009083899643424442,1.1051231774235564,0.026449300067692028,0.3775359367338721,0.016504167047440434,1.4081945630228094,0.031237562192658025,0.5475137819827413,1
14,0.08,1,0.03633044412578684,0.6934721119935512,0.02181596206429478,1.0076128494156245,0.043195294496531714,0.9726574895568246,0.030433823100530645,1.3195163328547952,2
15,0.1,1,0.01752766113807194,1.3122881225066505,0.01976380265390302,0.3166293490250231,0.03541734406450359,1.6209879880069984,0.030688604271086384,0.34543274521771805,0
16,0.1,1,0.013113051489773342,1.0458965663456334,0.018942389445528982,0.10219570703011333,0.02061479620953689,1.3895998558980491,0.025769339698457235,0.10871812554252827,1
17,0.1,1,0.02922997597387128,1.2711854237272182,0.013874964759504265,0.11794658800003571,0.03930487561258721,1.5806821859474727,0.017000859326508078,0.1324506063677673,2
18,0.12,1,0.037758964734868616,1.5882222002859394,0.011973985825346947,0.12222566377363929,0.04925718571521027,1.9229366873085656,0.015134694733622427,0.13380386224370244,0
19,0.12,1,0.0406383524960964,1.1286213471903552,0.029152815392873614,0.09834898739490354,0.04588649632234698,1.4702293790705885,0.0337274848848968,0.09902927565661078,1
20,0.12,1,0.03506728278598813,1.0835448524019804,0.018865595696055712,0.16886500828288117,0.041417799755672426,1.3986770259832106,0.027773534151637237,0.1840495563457597,2
21,0.14,1,0.0729033355590354,1.762825968287964,0.027291852350943065,0.38510763252624797,0.09164425651439119,2.0553116056194782,0.03241929616036363,0.557281911859904,0
22,0.14,1,0.042514579565172524,1.5752467771143757,0.07491557767305969,2.4559454054969536,0.0550729462638111,1.9218634577929998,0.08984132469176957,2.9484219096125766,1
23,0.14,1,0.0805212085190003,2.030258843225185,0.041563994710127256,0.22867282593228677,0.11580048902449737,2.3286572737047857,0.05938468302508756,0.2392644750776032,2
24,0.16,1,0.048789400559209495,0.5866311046525381,0.02464657400882901,0.3616297328201435,0.05731516537401655,0.8756428870571071,0.038213464574841496,0.39537314316272615,0
25,0.16,1,0.04915276335107809,0.9319681182265875,0.055256220463525636,0.9543585332105363,0.0600594100282478,1.205461541274939,0.07477396623916345,1.1417454502197488,1
26,0.16,1,0.03329731427864563,1.1309472977480168,0.0751318040826365,0.2715982019425226,0.041676785480367164,1.5223971170917674,0.0845491124062775,0.288666782213242,2
27,0.18,1,0.039431830145559135,1.0745410412577079,0.06287990413336093,0.9051218260394128,0.05292000794326455,1.4378482739214578,0.0799344061109435,1.0881538145195888,0
28,0.18,1,0.036782557060300806,0.8591179323545627,0.04537534691039208,0.5758983111466386,0.04332888432811392,1.1601867503308445,0.05981447611637374,0.6372224166217384,1
29,0.18,1,0.04400346378123969,0.9894982011995811,0.04338729837951599,0.3547923837939355,0.052210142353106274,1.3038168576863465,0.061542559950934134,0.36460569846764807,2
30,0.2,1,0.025897360098766142,0.7314152344743472,0.024635527674467115,0.09820487589745934,0.030788451461385136,1.0165116928253517,0.03037120756676091,0.11790272564310657,0
31,0.2,1,0.040353658808522784,1.5606406121257148,0.09549734851505308,1.554632980682987,0.053202848755146324,1.8847700101557059,0.11695530833483239,1.8357883022319479,1
32,0.2,1,0.0634871679750934,1.569562518064618,0.06959746300886253,2.1620252500462773,0.08653670290872213,1.8894881254654041,0.08190683679222133,2.6478985487178286,2
33,0.0,5,0.006574379934119384,0.27778033826766657,1.5373349891711907e-09,2.0441345790256497e-09,0.007873138755785066,0.34262943569361853,1.7565627200951443e-09,2.2714376444171143e-09,0
34,0.0,5,0.007907728311919398,0.3494317929768173,8.587065068269932e-10,1.2911892494836833e-09,0.009628646605139214,0.4296552113579311,1.0320372256014943e-09,1.4702749800843445e-09,1
35,0.0,5,0.009830678544489465,0.1855080878866769,4.811475664649271e-10,1.0213652571162744e-09,0.011324750732645349,0.2219402124078086,7.647354023502847e-10,1.2621793285098118e-09,2
36,0.02,5,0.011175806169561073,0.36159351912427923,0.0027722822258618917,0.0033575375563405247,0.012981836492287069,0.45701884393868164,0.003846685849340542,0.005406528950038802,0
37,0.02,5,0.008159339445104026,0.2933768423899857,0.00578310562220588,0.008820246658380918,0.009504043457701785,0.3644576309107715,0.006898756028628535,0.009818250138440777,1
38,0.02,5,0.009726131813400393,0.3162921073535176,0.006347025949322635,0.013161428838130856,0.011538870238647166,0.41119330713356433,0.008868447001298184,0.014024080245599138,2
39,0.04,5,0.011916850148329987,0.2745587613962897,0.006875728494175404,0.015372089972302425,0.01475766242264806,0.3198753612313172,0.01023128937469892,0.016837891858675486,0
40,0.04,5,0.008551606609744475,0.591689145591689,0.008335975804432773,0.0172751565377334,0.012012436421901343,0.726126785871563,0.012980938226553787,0.021669801011536996,1
41,0.04,5,0.009499233153085478,0.5880979978050317,0.011655459076785083,0.019826261480758132,0.013269494466061127,0.7241245605072465,0.015666357773235016,0.024407503692931848,2
42,0.06,5,0.01993888412022737,0.6666410138359179,0.01036591693963656,0.008416457361134834,0.023283677441067286,0.8136373257005594,0.011757602226588412,0.010133524100869016,0
43,0.06,5,0.01636351920675434,0.7345330344602794,0.012520150625425875,0.02255219205953519,0.018767300677555204,0.9109752010984421,0.016349297187031857,0.025426338950368745,1
44,0.06,5,0.01080952486439167,0.23529427502768652,0.009285904313643914,0.01708883433798841,0.01391383706030892,0.28313497849133945,0.012468868445321794,0.01959670913299921,2
45,0.08,5,0.058930506633846025,0.7011596756897264,0.02223824354317236,0.0367411375992375,0.06901279273958656,0.8239767529978387,0.028072338195821157,0.03986952862463158,0
46,0.08,5,0.014275362176775113,0.21349039044166473,0.010014466514499195,0.008857840726711448,0.016470228054681305,0.2806898005557896,0.011383147112849691,0.01027523475643734,1
47,0.08,5,0.024840633008090578,0.36082170838286864,0.011794723232106289,0.018170148429184352,0.02833811975789509,0.48793535122608495,0.014410456685414371,0.020774558786330746,2
48,0.1,5,0.02096967054566104,0.23470981810317956,0.023674911238419104,0.0237848413383776,0.023885652372403986,0.31496365704128526,0.028323108401524247,0.029397075675513546,0
49,0.1,5,0.024485563830469754,0.2158435601510742,0.03561929328510686,0.05847993739231196,0.02923640811084678,0.2859626119746452,0.04370115792245825,0.06295463835621576,1
50,0.1,5,0.021623309331188625,0.36801941876217087,0.020470242069387842,0.02780844702401177,0.02685784466384661,0.4222059393974976,0.024157653491521523,0.03173391590162448,2
51,0.12,5,0.029681438619839146,0.43582519702420697,0.022615599328904577,0.0371084430963013,0.03943316557146069,0.547402824173005,0.0285104287080333,0.04024788646674526,0
52,0.12,5,0.03661724973139154,0.4840000356167161,0.027671937310625505,0.0490669837018776,0.05065437284297969,0.5648206979007357,0.034181717067572996,0.052232381459268645,1
53,0.12,5,0.02624780005610823,0.3186463535960761,0.020105073654150325,0.02868616473894706,0.03049778348395253,0.3823930567270441,0.0237759044890484,0.032390332531661466,2
54,0.14,5,0.0695463172920926,0.7556157735092903,0.07045816826101514,0.08290010625588669,0.0750833565593298,0.9121222895437214,0.0786636043213744,0.08646393897665304,0
55,0.14,5,0.014752900538820325,0.16230260037879846,0.03590458620380916,0.05165538727576162,0.017826976228731316,0.19924496056905341,0.041189902288329264,0.05542724297978559,1
56,0.14,5,0.02533473635620664,0.7097036383590265,0.019921282076327373,0.03302447420272586,0.028965294542739356,0.8629610852186262,0.02457641269215338,0.036165904316286655,2
57,0.16,5,0.07874120500769805,0.7999296100572129,0.031182894640417038,0.027600434066790483,0.09147839797059466,0.9407156805187197,0.04017742819992066,0.031371958781086624,0
58,0.16,5,0.03818868054642434,1.3514021332063764,0.06721781163300619,0.09521932020746048,0.047295829800010944,1.6070828844055425,0.07595626180429177,0.09815075310975996,1
59,0.16,5,0.052666780195950474,0.5453948264147441,0.016588484238242003,0.00906037728530337,0.06207708745853488,0.600136504610063,0.022462922419251862,0.010939032454037684,2
60,0.18,5,0.047242849283598995,0.18456885627537697,0.038712435115719444,0.04018996758170414,0.05553045302011329,0.19684870706241392,0.047235787495337266,0.0517746956805289,0
61,0.18,5,0.04778250570584063,0.34727444470147617,0.032413372365622535,0.018877676945822295,0.05704445961032759,0.4185363544132007,0.03919225312985514,0.02897218203808708,1
62,0.18,5,0.04918272146551811,0.5651990856491509,0.03374169276893276,0.04344572150112791,0.056057644122856964,0.7285240521240738,0.03768065994444235,0.04711371229339447,2
63,0.2,5,0.05544412373745453,0.6325986063758134,0.12868432795728565,0.2310668553556321,0.07601083700520972,0.7647257594133443,0.15844554885689607,0.24360786698687809,0
64,0.2,5,0.05662712189079611,0.5842642640364594,0.13075734828593133,0.2017030634179928,0.06951733139350275,0.6345912242385121,0.15370536391152073,0.21595607656687674,1
65,0.2,5,0.07550811709419526,0.15255565775251112,0.1291738253288868,0.2482022089580786,0.0806717343092137,0.15503120509600413,0.16360082053629516,0.259917751886295,2
66,0.0,7,0.003427887038785924,0.00410144565986222,1.597638011045957e-16,4.975939339283834e-16,0.003984538239322925,0.00448422593430945,2.31328053018469e-16,5.98990105637585e-16,0
67,0.0,7,0.0015907854982586762,0.039091785591683234,1.6563083334854978e-16,8.935288921079574e-16,0.0020010117795666443,0.04534828628662883,2.564927177580404e-16,9.930136612989092e-16,1
68,0.0,7,0.0017465077042810699,0.032000431846103024,4.711154682267507e-13,6.599202576631544e-11,0.0021253241311315527,0.03645842116320041,5.789915420835574e-13,8.969403620937857e-11,2
69,0.02,7,0.00771014073092669,0.06170965309444022,0.009800467500393418,0.07378191131998166,0.009883581602296018,0.06986413111933122,0.01159021055959991,0.08235005355544045,0
70,0.02,7,0.006070427663112638,0.0876910992514917,0.006419181233223827,0.06908296908145874,0.007754481155546628,0.09677938871547832,0.007058579455022882,0.0794724444669306,1
71,0.02,7,0.006423221009622158,0.04682188181214026,0.005199144057111803,0.03762568386383838,0.007756850744634718,0.05399963655156829,0.00614732781848604,0.044896204059606724,2
72,0.04,7,0.010859199441244706,0.08294275765974682,0.008726253129078218,0.0913507769150331,0.012627899552659461,0.09518282336402671,0.011773166296702855,0.09896483745246577,0
73,0.04,7,0.01291432843492193,0.054792992292192456,0.012537845506294906,0.10623138480003201,0.015738548958474985,0.06574139641744288,0.015570911293344475,0.11355460519855105,1
74,0.04,7,0.01481932178016655,0.04330153102618012,0.021139966571031978,0.20823420093002729,0.017101168663878338,0.05489684872513737,0.024960854077925417,0.2258624601151216,2
75,0.06,7,0.009564682135097624,0.0547925339923557,0.00822926339857994,0.09172378397545942,0.01085729259576738,0.06783661469401293,0.011928043614553695,0.09964712015660028,0
76,0.06,7,0.026652468973107454,0.18206715099871698,0.01423955542040473,0.08026468117303079,0.02981748055502993,0.20089147324091763,0.018851385652234303,0.08731883300400108,1
77,0.06,7,0.006207602239526903,0.00892505641128966,0.011509137969306226,0.0671333729329695,0.006959946683208196,0.009996952473982674,0.0170280212591953,0.07458432696102933,2
78,0.08,7,0.008234806042500873,0.050300947098544505,0.021004600187257666,0.01176310266915883,0.010908913530698037,0.05417959868345001,0.02622152761768561,0.013230930160712003,0
79,0.08,7,0.015587375336647946,0.04773751431506363,0.020157923371625038,0.012830641112750875,0.01822396565257352,0.050020016365589365,0.030669654022030982,0.015258096865473853,1
80,0.08,7,0.021169151218340107,0.07738863614715633,0.01779850781086482,0.09618817136849837,0.023686436801991756,0.09211371589987387,0.021986228122997765,0.10303169270370861,2
81,0.1,7,0.022716232844272696,0.22372392267353833,0.021749643267828887,0.01867128210105682,0.02721685692331036,0.24043262689178088,0.02851235467105163,0.023562487657494042,0
82,0.1,7,0.005880520854577314,0.03996407729016165,0.020569827268627952,0.011183660021990234,0.007125162257276414,0.045344461319064486,0.02657889556868951,0.013780733785586636,1
83,0.1,7,0.007900378385507717,0.02448634643609545,0.014937416452164598,0.029474783670612726,0.008828296573572786,0.024808040098432613,0.017269785276599715,0.037964589408631184,2
84,0.12,7,0.059615147941921076,0.15014616839001724,0.027039293823312105,0.07832582653355508,0.06920623727472408,0.1538275446870204,0.03326328856421316,0.09092121875619004,0
85,0.12,7,0.050745508256232835,0.16587171785099275,0.07886005183999857,0.2162621471089367,0.0634875307911592,0.18506566463752866,0.09025341950844169,0.21699587496823192,1
86,0.12,7,0.06086939542746929,0.1452302887440977,0.025695841821789644,0.03811647814223002,0.06497522371110492,0.15797935920178102,0.029038121707522454,0.038900882882867215,2
87,0.14,7,0.024694727942653573,0.07813989102476991,0.0218345003660576,0.014546140558455356,0.038054166039372214,0.08391479142904988,0.03585531426152446,0.01809243830581317,0
88,0.14,7,0.02739480530024176,0.1308996006462542,0.08118580423458488,0.1966846471840822,0.030480788490671453,0.1372983410636847,0.09019735602372829,0.19749112364607194,1
89,0.14,7,0.028204917882379874,0.030919202019473468,0.023682371604959587,0.252496754093534,0.03401770372050112,0.0356015874176317,0.033500357471939156,0.2688854385903082,2
90,0.16,7,0.06613219575312686,0.34516787584085235,0.026064991346868096,0.05063981632067001,0.07430998852277161,0.36934888646381603,0.03675939702346787,0.0545999946962776,0
91,0.16,7,0.023794928712153038,0.12468088850016205,0.02194150475913162,0.02076763796788363,0.028046520762487405,0.13721821093660322,0.028742180854575534,0.02544437766665008,1
92,0.16,7,0.053944463002064055,0.35406995916602596,0.025129719039115376,0.029188594332688434,0.06219796715770483,0.37207922851919023,0.030515319403905068,0.033031935567603886,2
93,0.18,7,0.020068118665210213,0.05231474480421054,0.020644572229931633,0.017153756693389047,0.0228570201992967,0.06440561407755487,0.02794179557369151,0.022356126696728564,0
94,0.18,7,0.02954068385629499,0.1579026013789612,0.02526341969555358,0.048225136094098675,0.03285714491228292,0.1781084576392188,0.03623379276055196,0.052264162009682015,1
95,0.18,7,0.1481783965551655,1.0816546401229548,0.07931544231125452,0.21062153366206648,0.2148306733429037,1.1084335251152055,0.08980062554983397,0.21137484221927208,2
96,0.2,7,0.030634970640574112,0.05193489623383418,0.07872905403499568,0.24250223002933174,0.03641369613969036,0.06266239303850443,0.09675482677373898,0.2431567910839837,0
97,0.2,7,0.08045798001456823,0.13456640624487032,0.045773476781911675,0.09688747313908046,0.0916990354095016,0.14388768473680594,0.049749422693677485,0.09965714806189517,1
98,0.2,7,0.12318037193303585,0.46638360828760494,0.08088836187420981,0.19849709839369806,0.14067039439386095,0.4822401099037322,0.09002389314080661,0.19929624068651827,2
99,0.0,8,0.009443098767837116,0.011297593160819725,5.824212152275545e-17,1.0700944815664159e-16,0.013619116002096417,0.011368363789039777,1.3167681557652036e-16,2.312184225752156e-16,0
100,0.0,8,0.00847384417432836,0.019279462526323777,5.824212152275545e-17,1.0700944815664159e-16,0.012829425629387098,0.025607975742693648,1.3167681557652036e-16,2.312184225752156e-16,1
101,0.0,8,0.010259394700982543,0.034027142197876836,5.824212152275545e-17,1.0700944815664159e-16,0.014876169373444336,0.03724413695087263,1.3167681557652036e-16,2.312184225752156e-16,2
102,0.02,8,0.008044790213053366,0.056238737680288475,3.579057474448666e-06,5.761648405132126e-06,0.012287360139938782,0.06160486938574647,3.7944683110082846e-06,5.766710310739888e-06,0
103,0.02,8,0.008472321744786192,0.04621114285340402,0.006231324635737512,0.01003132861253993,0.013030276536623128,0.051408485393674874,0.006606366071146631,0.010040141652659165,1
104,0.02,8,0.014252467273463812,0.028439457479443358,0.0018035738886850263,0.002903434407932226,0.019704540016737316,0.029707634369825743,0.001912124635054349,0.0029059852249684356,2
105,0.04,8,0.016112489563504008,0.032819986375380784,0.005957237242265052,0.009590096471189326,0.019663029427032127,0.03868502159167967,0.006315782324894542,0.009598521866090882,0
106,0.04,8,0.016635940939091588,0.03782720167805457,0.002478138713330422,0.0039893642578504454,0.02310135638335669,0.03833998382831619,0.0026272891355151448,0.003992869120328055,1
107,0.04,8,0.014493928457818007,0.015019569773672147,0.0034124385253460504,0.005493421418219188,0.02172906543386664,0.01516467129864109,0.003617821155461533,0.0054982476725689965,2
108,0.06,8,0.009420409456504351,0.09678980573785094,0.0012254660897009202,0.0019727832793065797,0.013487963416126294,0.10283098492242035,0.0012992225681695137,0.0019745164712753243,0
109,0.06,8,0.009100188478792168,0.009927362322284902,0.0022022398480561573,0.0035452159678511946,0.012505214910657914,0.013170981300761006,0.002334784891367377,0.0035483306231239727,1
110,0.06,8,0.011216385711212404,0.02029686311521077,0.00460578336833168,0.0074144951814788295,0.014242736050995061,0.02664130091363561,0.004882989212452826,0.0074210091983176905,2
111,0.08,8,0.01670851838084892,0.02863176852124984,0.002970877748579701,0.004782586802293672,0.02052126634278559,0.03111720773488258,0.0031496843940980973,0.004786788551731892,0
112,0.08,8,0.04620433825348927,0.059053257901479854,0.008094262355781779,0.01303032827102071,0.05379767985269026,0.059510571805627334,0.008581427437035983,0.013041776087182943,1
113,0.08,8,0.016913738536716454,0.0712560562626372,0.0013989252050046039,0.0022520217218798453,0.019847981087603085,0.07501650527114298,0.0014831215753727783,0.002254000239237905,2
114,0.1,8,0.030190342593023643,0.10821575259924841,0.0015692562207911653,0.002526224478459619,0.03941565639594844,0.11375165938754053,0.0016637042137900913,0.0025284438970968504,0
115,0.1,8,0.015345917524935224,0.03211136963439748,0.0010842041177341064,0.001745376532893845,0.02586163159113565,0.03246405226863596,0.001149458536715813,0.0017469099362945,1
116,0.1,8,0.013114400987766756,0.037130299640559035,0.009796710378789058,0.01577096795244753,0.02200175445407949,0.04137297155528247,0.010386339797496678,0.015784823562073395,2
117,0.12,8,0.04277778356744725,0.08026130922769265,0.017030943251698356,0.027416801133983097,0.05613538000700305,0.08655894244717215,0.018055975612692045,0.02744088820935144,0
118,0.12,8,0.014817081913126473,0.07574819731660708,0.002880664804161477,0.004637359945491193,0.02054817107358027,0.07968485362515869,0.0030540418509757607,0.004641434105637424,1
119,0.12,8,0.03681692847561076,0.14243316580733167,0.022460632656380822,0.03615763905631188,0.04658263762294015,0.1483563330227004,0.0238124588577209,0.03618940540909806,2
120,0.14,8,0.05976327133199766,0.03181345209088084,0.01945785355453296,0.031323696727460874,0.0652285073829557,0.038076621352862085,0.02062895308050215,0.031351216212327185,0
121,0.14,8,0.0378903770817074,0.23609745441849936,0.01794550096950092,0.028889077020525174,0.04576745942042467,0.24764764204999212,0.01902557733145742,0.028914457566275743,1
122,0.14,8,0.039737789737290696,0.05159895378495137,0.0006468321820870574,0.0010412852090017448,0.05214002190266209,0.060007067252070063,0.0006857627280334965,0.0010422000318210307,2
123,0.16,8,0.05999468146255449,0.22159831236339084,0.011941907109564515,0.019224354608238098,0.07084995467490406,0.23300606254650688,0.012660648347696665,0.0192412441963448,0
124,0.16,8,0.023156126681839244,0.07881766386101709,0.0069958491472589465,0.011262077619489285,0.02840607566253658,0.08478281169329074,0.007416904614510032,0.011271971936156613,1
125,0.16,8,0.05243068544837547,0.17883242396101084,0.004657690185570574,0.007498055960509345,0.06223058210786489,0.18429249659481314,0.0049380201178082575,0.007504643389806957,2
126,0.18,8,0.037717925374952145,0.05274124536160346,0.0171653267954063,0.02763313482960224,0.04142053893168326,0.054403111597092005,0.01819844722756843,0.027657411965291832,0
127,0.18,8,0.021658069101250437,0.02325950218876185,0.017593870379535602,0.028323014071736742,0.034119522200920106,0.023313845238148154,0.01865278333741617,0.02834789730196009,1
128,0.18,8,0.019907339626856885,0.03623455471135115,0.07108050115478104,0.0692640173429834,0.025878038363372647,0.038152061468166784,0.08341042502268821,0.07280877449675921,2
129,0.2,8,0.10916845645024627,0.1066946986592078,0.07330553346893737,0.11378112810106603,0.12067247457072505,0.12991123018083814,0.08574703985653107,0.11710995986567563,0
130,0.2,8,0.06428035807583997,0.14248487009814564,0.07165005649502859,0.09303596046205234,0.08142206498575222,0.14748854660124242,0.0842370224681738,0.09640269304775713,1
131,0.2,8,0.014356744650341252,0.005986089169144974,0.002311434542669699,0.003721000079327614,0.03297984575220408,0.00674323917791304,0.0024505516292302855,0.003724269170018332,2
132,0.0,10,0.006935449889307025,0.07734972051950822,6.180928206002366e-12,1.8038787331334672e-11,0.007956568502137608,0.08653710063357162,7.776513287360635e-12,2.2674594809426997e-11,0
133,0.0,10,0.007135875576430152,0.08002590051087916,1.0128701984745563e-11,3.137552199308813e-11,0.008193540707019248,0.08948426702043343,1.2726093630731097e-11,3.956507575793033e-11,1
134,0.0,10,0.006996120590420051,0.0762613879056824,1.8337235759890082e-17,2.67523620391604e-18,0.008012190247275218,0.08526740324977447,3.4209825417138405e-17,1.7234003684281805e-17,2
135,0.02,10,0.007026601509715503,0.07531399135196468,0.00029482698910149503,0.0006718659004164613,0.008861617731932944,0.08398746997798535,0.00040486166118548187,0.0007188697017156048,0
136,0.02,10,0.012866364601716845,0.045729491710815785,0.0004910508690456742,0.0020941609823278643,0.014367914988191248,0.057400725709754366,0.0006427355969257753,0.0021025713120642695,1
137,0.02,10,0.008065500453701325,0.08664540346445058,0.00030272939896088083,0.0007897346231249282,0.009441926834671729,0.09598316797334126,0.0004027148164474741,0.0008162222598693328,2
138,0.04,10,0.012501554128477666,0.03972967867220209,0.0007735865805353605,0.0006762500308403989,0.014561032004755423,0.05069518381152068,0.0008396080902534561,0.0008451025435026332,0
139,0.04,10,0.00850815805873833,0.0825806376934111,0.00016208657593133553,0.0004918589153187425,0.009614230123125981,0.09288833813761757,0.00019769717601255128,0.0006347858512803082,1
140,0.04,10,0.00953506870011345,0.06253859156165253,0.0006842811071673365,0.001286434853195759,0.011216845627776414,0.07335041109974398,0.0007743785986651647,0.0012868182521977543,2
141,0.06,10,0.017016113416698408,0.10327010936552128,0.0006207230948462977,0.0021224912887037226,0.01887130747412671,0.1107710148279729,0.0009029543320875166,0.0021248444145238973,0
142,0.06,10,0.017475382931152576,0.08239782110154552,0.0033964642519058795,0.014681488370589807,0.019135049438046076,0.0897477980691612,0.0037767034318083037,0.01910005807143495,1
143,0.06,10,0.01288198717881525,0.08396806644880955,0.001303074002179749,0.004236558258105309,0.01625278668771744,0.092858279378899,0.0014648321823903044,0.004723405327642303,2
144,0.08,10,0.012642527441620675,0.01951568697329443,0.0005977166546455434,0.0006111437595466536,0.0175979742367796,0.02580572844805086,0.000674014782418515,0.0007623806293194966,0
145,0.08,10,0.00870065879781325,0.05781541265365836,0.001034594271486637,0.004708644221514152,0.010007489261355446,0.06775643587908099,0.0011564756478782362,0.004994880505104634,1
146,0.08,10,0.020823581122825098,0.1572202635932733,0.0011316657630587156,0.007614749736971131,0.025612662902669163,0.16797827126739168,0.0017659367355410908,0.0078025156076064915,2
147,0.1,10,0.026226284733418846,0.06014159489619447,0.0023351785769067887,0.0391654430223782,0.036225125667304535,0.07047728149850338,0.0032572158889759206,0.04367192067602906,0
148,0.1,10,0.018766110224119222,0.046555049227569215,0.0020632009342080302,0.041523152506940615,0.02288213204981579,0.05383720098628354,0.00415287379147318,0.045368479765827655,1
149,0.1,10,0.02206584903328307,0.07254147897398788,0.00143682211112012,0.005015244875566575,0.026035391866033725,0.08453820946877136,0.0016131062398463418,0.005535581720781638,2
150,0.12,10,0.021793802723428637,0.05248336965750549,0.0020230142125029302,0.042012070220459115,0.022753441053021427,0.06206623703811357,0.004105001887534582,0.04596705959272182,0
151,0.12,10,0.006178116360883434,0.05130663103875187,0.003761408336180287,0.04763830091288052,0.009946097846904287,0.0582334892525796,0.004847439619560948,0.052418922758935955,1
152,0.12,10,0.016503329642412103,0.044023609034326505,0.004587709371662335,0.05187090740196226,0.02132886306843899,0.05492619498233673,0.005999022325577439,0.05619478925310794,2
153,0.14,10,0.025795476317399403,0.12071977583046545,0.004649693338585406,0.00393063980411772,0.02849317279454144,0.13109135755557258,0.005713950008782003,0.004503608326598554,0
154,0.14,10,0.0147738138560982,0.03224942713917378,0.0020035245541551506,0.0414788848983783,0.018960014749253788,0.04207637386763704,0.0038427218930101228,0.045515905048229985,1
155,0.14,10,0.021169112039629522,0.020236114946777704,0.0042706534267887755,0.015804686017610398,0.026714788369751177,0.022891389814815987,0.004500462870800782,0.017097036872859284,2
156,0.16,10,0.029055400052501207,0.18744134603817747,0.00406641985155706,0.04414062694939642,0.033602085109658425,0.19840718573171282,0.0057353092815096,0.04778544920060614,0
157,0.16,10,0.0076397927943272015,0.015185644899722774,0.0024177322752051288,0.03681130148169016,0.00873645977831588,0.020685620707280937,0.0032727402641471444,0.04106978728927184,1
158,0.16,10,0.023060118236799695,0.07586692817824764,0.002391300937397096,0.03947237234902344,0.023997992001420984,0.08134790213409537,0.004522422183486206,0.042869873824604804,2
159,0.18,10,0.05355579251269277,0.10805909549359101,0.0037249414901408414,0.009643358199609927,0.06029931124976355,0.108327154816779,0.004473677871327475,0.009909872638050205,0
160,0.18,10,0.014444670158924169,0.013465601277701647,0.0062004657473534374,0.053552831788952815,0.016498610955964645,0.015557120450440852,0.007618287558935292,0.058423260208348246,1
161,0.18,10,0.027290095316210763,0.04274085726316393,0.003663423735247522,0.03178558379633004,0.03339996063995885,0.05408900832746279,0.004449531086456604,0.03706547291143658,2
162,0.2,10,0.05754360438399926,0.3143646417387162,0.004964563266130746,0.03900363383503188,0.06568392448761147,0.338386069871465,0.005567579305691259,0.04288639207316881,0
163,0.2,10,0.09073439421776189,0.16334286761335143,0.004233420051172426,0.0494303836453697,0.10650900278163196,0.16925104568355878,0.005480371576337296,0.05414874435719528,1
164,0.2,10,0.04994753165428145,0.03669841931585121,0.004829388771269769,0.0366800239029199,0.05582276734056369,0.041450969498748706,0.005471669177139247,0.04154521653047142,2
