,sigma,function,mae_nn_train,mae_nn_test,mae_mdl_train,mae_mdl_test,rmse_nn_train,rmse_nn_test,rmse_mdl_train,rmse_mdl_test,n,r
0,0.0,1,0.003215767405741034,0.7586313169267507,1.3553972758965454e-16,7.190015778524823e-16,0.004629871383029102,1.0681469087744662,2.103030580643861e-16,1.1301342266995672e-15,1,0
1,0.0,1,0.0036949356569542175,0.8917879826797181,1.4058892938706435e-16,6.344131569286609e-16,0.004722491212042117,1.2329142265348725,2.134518424953621e-16,1.0163818858034712e-15,1,1
2,0.0,1,0.0023807095902499804,0.7708581395368577,1.231653667943533e-16,9.093255249310805e-16,0.0030889518811659713,1.074555632231281,2.0598310402958047e-16,1.1280548611355359e-15,1,2
3,0.02,1,0.010623733426577627,0.6996258367872614,0.003238399861384975,0.2129293640650821,0.013321068814570106,0.9629565936893509,0.006415862887774679,0.27155482078091775,1,0
4,0.02,1,0.004199200367832625,0.6242454754426243,0.0017491982290366351,0.016569114863906664,0.005136503464121263,0.8964995663016545,0.0023929212167509762,0.0179749689394389,1,1
5,0.02,1,0.011283803939940629,0.8120010609438156,0.0012724281827458915,0.004338027752276789,0.013858961576281043,1.0935140862905317,0.0018205089446642517,0.004658337446649268,1,2
6,0.04,1,0.008985487262769175,0.8611817488337985,0.006666687458041146,0.07260757103773303,0.011866867427216548,1.1759203066966528,0.008424081670330928,0.08135472817711407,1,0
7,0.04,1,0.027276267483117213,1.5405544927645616,0.0028403801614052286,0.011841194536963058,0.03893246167686792,1.903885675761274,0.003331468235834422,0.012103641636535965,1,1
8,0.04,1,0.007844911336571397,0.9101130863116618,0.008244369676914278,0.05192183407642458,0.011329219138066612,1.2436493297552416,0.01011760747428338,0.05831985608875906,1,2
9,0.06,1,0.01035802297712762,0.5238180970370369,0.009222910877679876,0.03982586811841136,0.014170629669565721,0.7942469705411737,0.011152252650160515,0.04998689893090698,1,0
10,0.06,1,0.014243694923334571,0.8300226650066892,0.01272667844965564,0.013256368133698824,0.01948044031747867,1.1556409974869362,0.017149041859572296,0.01606432806080648,1,1
11,0.06,1,0.023267147198895968,0.9422401282524284,0.019304993031757582,0.02872090947503513,0.025724987393731084,1.2553141504537715,0.02080122896443002,0.036582372551834046,1,2
12,0.08,1,0.02120885234391486,0.8734979309100823,0.016280136367575557,0.11211805536220194,0.02252587192047607,1.2082349181988048,0.02022929000453826,0.1321374664949343,1,0
13,0.08,1,0.00943868080770757,1.0666455626832476,0.025802263111171522,0.34727183246403126,0.014513494562797333,1.407629406983997,0.030710126121182207,0.5130407720593007,1,1
14,0.08,1,0.03683297378518334,0.6898528731121278,0.02100567238182177,0.9302063921069887,0.04282413875910593,0.9652815024086502,0.029586952952263924,1.245637665482927,1,2
15,0.1,1,0.030388990711941285,1.5341038418817992,0.018909078648282604,0.3017153356550388,0.051291000980528974,1.8602690897837386,0.02876438995191308,0.3325993079038465,1,0
16,0.1,1,0.014922753961857061,0.6191570417184163,0.019127425238183893,0.098091545936979,0.020991054622899134,0.9385296644695841,0.02636275592263513,0.10513016717737698,1,1
17,0.1,1,0.043324157613703264,1.5218428971489917,0.013181671951554475,0.11164257393009347,0.05955269761078724,1.8754274354014981,0.016397550991129016,0.12704965513121733,1,2
18,0.12,1,0.030418799040120684,1.140387280449953,0.011343833208920382,0.11642066361928045,0.039794078644283935,1.4745991708218908,0.014400971725272136,0.12876778720442042,1,0
19,0.12,1,0.037570175476630364,0.949837225637434,0.02829140336346766,0.09668872971827022,0.04315866619382195,1.3187324933283782,0.03279687887303778,0.09753895886518023,1,1
20,0.12,1,0.04006406161874653,1.4475764184125692,0.019253475870624964,0.16106557188098444,0.0459805836633194,1.8524255162285912,0.028745784714744316,0.17723178147590976,1,2
21,0.14,1,0.06558599791755215,1.617494318636692,0.027273709737028015,0.3542437946385679,0.0817777963089545,1.9231619282736374,0.03285388872803737,0.5223185052041373,1,0
22,0.14,1,0.04068294408749746,1.4031573492655303,0.07236679467661486,2.291987800310506,0.05085913324884587,1.7607898958499542,0.08642270981287083,2.815020060506597,1,1
23,0.14,1,0.06948593571084043,1.9652367417858674,0.043683829069849724,0.2229210569162875,0.10132397123989494,2.300907981941531,0.06687418818097078,0.23465390124162583,1,2
24,0.16,1,0.051397300591045074,0.8623277579079681,0.02422880158127068,0.344606001307086,0.06043986712647935,1.1650458233612004,0.03705770221385122,0.3805577755770547,1,0
25,0.16,1,0.052689971520691985,0.8399669259838083,0.05492435439951027,0.8891011787261182,0.06239692426142339,1.1291493650199487,0.07472063993686504,1.090555210162929,1,1
26,0.16,1,0.03525634930186919,1.0767839504188206,0.07481507823146273,0.2616338104692704,0.043951074244896776,1.4804654102439523,0.08506469811529448,0.279069491661525,1,2
27,0.18,1,0.04020054041343676,1.054738495462908,0.06371359892798845,0.8421900732001257,0.05384075253022982,1.4277148849206458,0.08060912864518495,1.0392259003258304,1,0
28,0.18,1,0.04577139919227557,1.0318473364419503,0.044337923684710526,0.5471195779039068,0.055711161110565476,1.3397104515825093,0.058227715709610134,0.6123308059270349,1,1
29,0.18,1,0.042211334777873685,0.6416727254513699,0.04302554080070249,0.34391065496573986,0.05127148234379084,0.9325821613540084,0.06086046597542681,0.355792001834821,1,2
30,0.2,1,0.025886210822841395,0.9968210131856488,0.023754581473793238,0.09157919966377122,0.033847142712200906,1.353752812990818,0.029704943544734703,0.1124451195640676,1,0
31,0.2,1,0.04850264337070451,1.9232244079070828,0.09753996397180048,1.455794944720863,0.0674266428887339,2.3234143233693443,0.12469899901843748,1.7524190152420063,1,1
32,0.2,1,0.06452593347379304,1.4205194478177625,0.0696611827184009,2.010898267885188,0.09203596028572684,1.7217592573100156,0.0819733975247065,2.5233663960212094,1,2
33,0.0,5,0.00498571143421342,0.029815214896325406,1.5248043346479297e-09,1.99672116671511e-09,0.006191359400708022,0.03223843374853685,1.757352097252733e-09,2.2561200185734356e-09,5,0
34,0.0,5,0.00519265076945383,0.026146658826757534,8.572526716266182e-10,1.2476820529120199e-09,0.006398612289744284,0.02858241476454817,1.0410496372104824e-09,1.4540641284806847e-09,5,1
35,0.0,5,0.005070345949114821,0.020101292143690542,5.045014785561482e-10,1.0123218004605878e-09,0.006307339357686751,0.021789469892168633,8.050744716926471e-10,1.255322854691027e-09,5,2
36,0.02,5,0.011952610593447861,0.1454784936488812,0.0030286030252152122,0.0032001778870460766,0.014618437229920045,0.1545968171253547,0.004476746561085792,0.004892692732285414,5,0
37,0.02,5,0.012210401308984377,0.1511732282169622,0.006080094770943395,0.008269581475076964,0.016905008195379535,0.16003140408653638,0.007439175701328847,0.009183930174896994,5,1
38,0.02,5,0.01022007601232792,0.09960507442547269,0.006266579789838604,0.012786067426358225,0.012233448995639802,0.10411613112385121,0.008902231465783837,0.01367883610328444,5,2
39,0.04,5,0.009587663324604907,0.047453882316283606,0.007217174955021611,0.014494771509526242,0.01110643437915593,0.05010878891380483,0.01090203902151373,0.015931364715724466,5,0
40,0.04,5,0.006956750280811707,0.07745037210648673,0.009136715970871885,0.01624660068458514,0.008902253268597468,0.08144821522560497,0.01509059856960541,0.01996605695993986,5,1
41,0.04,5,0.014738745290136695,0.1290306929206306,0.012614877426469688,0.018718855864556842,0.017485727181709695,0.13613016867416272,0.01782298735707399,0.02260437747031971,5,2
42,0.06,5,0.00576257770933927,0.03528427566952953,0.010658714129525548,0.008513360607320991,0.009116678623259121,0.053587841812577,0.01224147781168288,0.009966187519032256,5,0
43,0.06,5,0.013957637285856065,0.09214058045414529,0.01315590487697551,0.021719833046164698,0.01573972251256727,0.10942792587150443,0.017876099309469116,0.024057963041337033,5,1
44,0.06,5,0.015370053034306342,0.06172642350080922,0.009342011631246936,0.01621104123126303,0.017317266915781195,0.06863604034438174,0.012394710069866059,0.019062634605842413,5,2
45,0.08,5,0.02462363334862677,0.03771301542766894,0.02230863884938068,0.03622773610859323,0.030030576369850837,0.04493974963442155,0.02875907781448328,0.039055032647897676,5,0
46,0.08,5,0.009395778264968969,0.09559962885798659,0.010153775360733497,0.009011626622471054,0.01772907440946234,0.0969777836874637,0.011674269146241971,0.010168419868191895,5,1
47,0.08,5,0.014440173917947868,0.13468936966019604,0.012534222466904249,0.01718535611383662,0.018921847811803574,0.13899431398755052,0.015857459641741907,0.019363920277334714,5,2
48,0.1,5,0.024661910059285603,0.1396443904583141,0.0252266990315216,0.022179730380032365,0.027560193193011347,0.1456145798879619,0.030510255797325584,0.02713569100920699,5,0
49,0.1,5,0.020129608333434065,0.18609362821959885,0.0355849340033584,0.0577791559287593,0.0281047996237847,0.19174533269233726,0.04397200190148677,0.0620499765894886,5,1
50,0.1,5,0.010720916101911357,0.12094079058214466,0.021603046301206692,0.026545609725757258,0.014325069614086557,0.13460988156732495,0.02612587503551659,0.02990173635699661,5,2
51,0.12,5,0.018919945395310018,0.09101243548300714,0.022662570254418424,0.036638763603665914,0.022411638677184927,0.09403452150343758,0.02914693870548918,0.03947128906792606,5,0
52,0.12,5,0.03180520822809066,0.02733234612472687,0.02723148296270998,0.04702602955125331,0.04113470989182832,0.02941836430997016,0.03377253774492653,0.05101655860099324,5,1
53,0.12,5,0.026399738885285854,0.1765262200786429,0.02115687198899648,0.027523505071071284,0.03173723192610029,0.18415194775837598,0.025653159489428704,0.030660860496977055,5,2
54,0.14,5,0.050031637023999,0.6418023721737216,0.07160547923664783,0.07954445666466692,0.06326087263703647,0.682675970733857,0.07951847728936781,0.0844077735653028,5,0
55,0.14,5,0.02368759130748239,0.18895794722469011,0.03644553850409508,0.050560064571896025,0.02913518466847719,0.20168475158709728,0.041914222881888466,0.05415778651302594,5,1
56,0.14,5,0.03514876506909658,0.26210223150423556,0.020499556757534468,0.032325863979069565,0.04453353658184506,0.2694730735078915,0.02583109447809725,0.03494453649882362,5,2
57,0.16,5,0.03277856504633756,0.33896125584093795,0.032187182035772074,0.027229766100827852,0.03912740777525225,0.36900023184987985,0.04165390973253272,0.03090452792844576,5,0
58,0.16,5,0.034997016650218996,0.7354509543977985,0.06798549946275285,0.09204937076778327,0.042978135782273594,0.8201220892975688,0.0764233951397638,0.09599029765614597,5,1
59,0.16,5,0.02821307600259769,0.26865751602223686,0.017507667237882784,0.008410688722505208,0.04267659036176143,0.2760428131885226,0.023378266360274704,0.010159291045481307,5,2
60,0.18,5,0.06252152840130422,0.3422568404510971,0.041516220150006444,0.03739442773634437,0.07574128318829641,0.352940914022072,0.051345760289965736,0.047706385504071226,5,0
61,0.18,5,0.04594505622186113,0.25505652422642977,0.03433957315313473,0.017325044768381107,0.05427746602143246,0.26606707986451994,0.04133680691945628,0.02648062973990268,5,1
62,0.18,5,0.04124048396026479,0.1611486495370437,0.03348203182742448,0.043572306371753515,0.0442008467507533,0.16845647116803408,0.037642469757997614,0.04694116747099725,5,2
63,0.2,5,0.088076440120221,0.39156547345465276,0.132517580602561,0.2207090115057554,0.10343060585725446,0.4039789899980501,0.16251257460539256,0.23622102867272765,5,0
64,0.2,5,0.042923516187967296,0.13288437265557246,0.13502625601223117,0.19134521956811618,0.06003979625944044,0.14138513926044635,0.15788741781438173,0.20904760146656673,5,1
65,0.2,5,0.12957038071554167,0.1937109581126812,0.13262936193705446,0.23784436510820195,0.14504533875953235,0.2151928037015686,0.1675466644299977,0.25230507058138496,5,2
66,0.0,7,0.0036415939543813112,0.012625340155969436,1.3877787807814457e-16,5.075305255429287e-16,0.004567663268990689,0.017468528205834062,2.3244086281577784e-16,6.713997766802521e-16,7,0
67,0.0,7,0.002288079496054211,0.034059157870954336,1.609823385706477e-16,9.727668406239468e-16,0.002745950999667846,0.04112204843817343,2.368186647638997e-16,1.1384137090105207e-15,7,1
68,0.0,7,0.0026377283188723216,0.041886775857935606,4.804675176236136e-13,5.978314140027881e-11,0.0031444849361601246,0.05058320386474899,5.747334482759208e-13,8.293518427558897e-11,7,2
69,0.02,7,0.010596633304086155,0.09248962156646108,0.009712033298175278,0.06875594957946374,0.011997746899919596,0.10178722887993631,0.01148571270812983,0.07788676949285452,7,0
70,0.02,7,0.007943550943769761,0.06582797369952703,0.006396585335749144,0.06387033263773476,0.00857087115403867,0.07532916949936724,0.00703236972320702,0.07464482938550472,7,1
71,0.02,7,0.005397004438319005,0.03508741769767771,0.00509943952835852,0.034478797412892025,0.006229661331325932,0.04237132927088263,0.006071173755134899,0.041953187779066564,7,2
72,0.04,7,0.007710966621791036,0.02941923211198503,0.008658549719725366,0.0860854832385534,0.010171058040091583,0.029543439634106137,0.011593151395361472,0.09417063835420007,7,0
73,0.04,7,0.01742502247525758,0.10052017221719002,0.012380406065327575,0.10066325997595874,0.01982615535402025,0.11272661187376941,0.015192810480793108,0.10842541320161221,7,1
74,0.04,7,0.011986424810983732,0.023398661054107178,0.020705262394170785,0.19602436746593194,0.013483480439353959,0.03089967112709327,0.024117655583340798,0.21487508066497776,7,2
75,0.06,7,0.007035069214082903,0.015475918781683464,0.00826142332233533,0.08632967038085235,0.008629468164181317,0.018779541795129088,0.011896991002196712,0.0947604777107104,7,0
76,0.06,7,0.011110043056884239,0.01887373120041551,0.014578354968656134,0.07554575611417343,0.013492345992502382,0.023504631799803714,0.019773266763344687,0.08300019130766213,7,1
77,0.06,7,0.011882119770738062,0.03300820084865517,0.0119231580150484,0.06269332155244903,0.015505712271508322,0.03981656831956335,0.018103557991275266,0.07058805710464,7,2
78,0.08,7,0.017592505411688233,0.17805128537355427,0.021561883191207755,0.012030152903807791,0.023612309018206497,0.19097318195537652,0.027501445073725015,0.013479519205275877,7,0
79,0.08,7,0.018300829198591943,0.04640446668915132,0.02112322114383302,0.01260593603770674,0.024702814651811705,0.04971397486119451,0.03266651021360716,0.014705525418517634,7,1
80,0.08,7,0.02130291428368141,0.11348828258412605,0.018112110377892503,0.09109413741495287,0.02460783193078461,0.13305043291407548,0.02274636651192597,0.09831808524154023,7,2
81,0.1,7,0.027816493368202085,0.12926173771508068,0.022390933362674604,0.016864666834639497,0.03205980494532084,0.14108517570355575,0.02974621360337618,0.021901888091384828,7,0
82,0.1,7,0.010819450310757067,0.05995872427072242,0.021186235518265907,0.010781828154330956,0.012050925216610178,0.07209469440803601,0.027926304810072414,0.012980882238957077,7,1
83,0.1,7,0.0164482434664164,0.0075750744250899045,0.0153413823170003,0.027065227216925086,0.019578943067180582,0.008299332145332081,0.017974836126678294,0.035335904023681586,7,2
84,0.12,7,0.04720723646807598,0.1834047621455107,0.027903690445961495,0.07196357906351329,0.05382889958290681,0.18982991545451997,0.03434626457624345,0.08554110831489754,7,0
85,0.12,7,0.02936725686281644,0.2519887610407341,0.07837411707878351,0.21333900134394532,0.03953239710349875,0.2703489904953619,0.0893451918431923,0.21422001765575918,7,1
86,0.12,7,0.030567825863234678,0.16797173909992713,0.025930424331917168,0.038918177012614935,0.03645884461547823,0.17558372338564215,0.02948193383690902,0.03958241362931432,7,2
87,0.14,7,0.03311797527481793,0.031371939489890956,0.023059121237841262,0.014030213485184143,0.04468689608910776,0.03261483208078435,0.03809811061345115,0.017081093898438638,7,0
88,0.14,7,0.03385402330264366,0.17116998186360324,0.08089445133989116,0.19376150141909088,0.03982178729031928,0.17834236256964278,0.08961256639425837,0.1947311117982492,7,1
89,0.14,7,0.027353218690035857,0.06271144783962294,0.023145914926564357,0.23955668108857714,0.032644398324660595,0.06583857622447004,0.032196100091343785,0.2570140068776444,7,2
90,0.16,7,0.03829355088853318,0.24997409621753258,0.02709329381946856,0.047901360291634616,0.053916301690069446,0.2597261880387548,0.03890951580810199,0.05200174566213203,7,0
91,0.16,7,0.03068859454369387,0.18121389742944913,0.022597630098659553,0.018894401648851034,0.043119133347972814,0.18717912075636395,0.03002427609221047,0.023715763826759224,7,1
92,0.16,7,0.031257967304535825,0.10683834304374361,0.025729806485122478,0.027199367722904374,0.0360876896805623,0.11967341504264378,0.03172156075350979,0.03111991349954804,7,2
93,0.18,7,0.020456504619783922,0.06004187122048664,0.021355878667491706,0.015548557084555756,0.02307817866681984,0.06622271178698651,0.029355565451670975,0.020728171604693143,7,0
94,0.18,7,0.037381444809299724,0.0759494016143738,0.026295912850604408,0.045527195683381184,0.04764077145820142,0.09291890625755049,0.03839445589952489,0.0497111759309802,7,1
95,0.18,7,0.058785426927349844,0.2547940648769645,0.07892557636322639,0.20769838789707523,0.06890044830181015,0.26548332489903426,0.08898166531197889,0.20860322817503518,7,2
96,0.2,7,0.02777607538922529,0.006249276295944443,0.0779151644774961,0.23957908426434033,0.028817925753980317,0.008300416088542107,0.09550229274356775,0.24036394090408356,7,0
97,0.2,7,0.07753733758576645,0.23093820388520092,0.046270712152287986,0.09370939409945724,0.08944308414492873,0.2517996595388323,0.05076983288107839,0.09655246514934347,7,1
98,0.2,7,0.010602883588539285,0.007922287337947378,0.08059237613828853,0.19557395262870664,0.012790441560299749,0.008610938050453435,0.08940796394549809,0.1965346214202919,7,2
99,0.0,8,0.009262886372616104,0.02086723327608167,6.152485928131076e-17,2.220446049250313e-16,0.01817793640739684,0.026008256654684373,1.3808224523606804e-16,3.527512106249417e-16,8,0
100,0.0,8,0.028012301400097184,0.1027050366977552,6.152485928131076e-17,2.220446049250313e-16,0.040353001244016175,0.10881493283224761,1.3808224523606804e-16,3.527512106249417e-16,8,1
101,0.0,8,0.009854386375353002,0.03657623503843686,6.152485928131076e-17,2.220446049250313e-16,0.01932298579995611,0.042851892564725734,1.3808224523606804e-16,3.527512106249417e-16,8,2
102,0.02,8,0.014517141967413804,0.029575384446462075,3.5191229524588383e-06,5.730663943783637e-06,0.026919594397807983,0.03141769422999936,3.7506929870509194e-06,5.7362101529449735e-06,8,0
103,0.02,8,0.023221896375610805,0.07634795407282095,0.006126975525622753,0.009977383058542587,0.036716872551097984,0.07979806738834523,0.006530150962748461,0.009987039296167007,8,1
104,0.02,8,0.011872949791811303,0.01790729740190062,0.001773371429125809,0.0028878205861066195,0.021588923826027596,0.01849691162152532,0.001890065187430188,0.002890615455425847,8,2
105,0.04,8,0.019960412410372476,0.009121981776408803,0.005857477970952864,0.009538523734714375,0.030767254962596007,0.009782520493829138,0.006242919569587868,0.009547755238729716,8,0
106,0.04,8,0.017219397328223692,0.008726454558065972,0.0024366400618250203,0.0039679106226142465,0.023592083384638574,0.009550872858679133,0.0025969791096857966,0.003971750816743197,8,1
107,0.04,8,0.013298857083154264,0.01536385741402628,0.0033552941869818614,0.005463879403079168,0.02823277361381156,0.017987617891044055,0.003576083742099949,0.005469167414730918,8,2
108,0.06,8,0.022834749228416665,0.0889888536715217,0.0012049445628330101,0.0019621742273025302,0.03703289600949186,0.09396149704410277,0.0012842339363258728,0.0019640732443581606,8,0
109,0.06,8,0.022610372039233176,0.08495545860782905,0.002165361370070173,0.0035261508323328273,0.03861289383291062,0.09021187646056948,0.0023078493746757998,0.0035295634857446553,8,1
110,0.06,8,0.020952032477130195,0.06397733857706582,0.004528655402135107,0.007374622193001768,0.03506299024911698,0.06855871161159899,0.00482665604106574,0.007381759445712946,8,2
111,0.08,8,0.01953456961223018,0.025523943242405235,0.0029211277407648756,0.004756867448003294,0.035112836605637326,0.027807783416944756,0.003113347694779313,0.004761471204535096,8,0
112,0.08,8,0.05250520701835608,0.014619139120247714,0.007958716685601656,0.012960254973205658,0.07587791274838061,0.01647772153125258,0.008482426804119071,0.012972798072028256,8,1
113,0.08,8,0.02615042788082659,0.11221991927539655,0.0013754989499478875,0.002239911007128588,0.04074206869206298,0.11760435994080179,0.0014660113713036273,0.002242078821355509,8,2
114,0.1,8,0.03632060056852483,0.14048712917201905,0.0015429776203726888,0.0025126391814090246,0.052289204393592775,0.14894717881454136,0.0016445106971685176,0.002515070945415387,8,0
115,0.1,8,0.04406310794776605,0.02688946794851406,0.0010660481490628079,0.0017359904079209134,0.07957857840069686,0.03394426077784924,0.0011361976749909462,0.001737670521412961,8,1
116,0.1,8,0.04497480860338632,0.022184595555249913,0.009632655692211951,0.015686156295275044,0.06978893478940973,0.025799345665151092,0.010266516583796771,0.0157013375559033,8,2
117,0.12,8,0.04382938110761216,0.17398155447110059,0.016745744858641474,0.027269361589019953,0.05644902526835329,0.1823533278342809,0.01784767075587158,0.027295753222359463,8,0
118,0.12,8,0.01657958286282685,0.04292153593371255,0.0028324254928712564,0.004612421578799539,0.0428660595719146,0.045990378833180606,0.0030188085429485117,0.004616885538790636,8,1
119,0.12,8,0.05089292364126458,0.019505355615466208,0.022084509252881086,0.03596319383918557,0.08305726116771843,0.025405770523552793,0.023537743664296933,0.03599799947342907,8,2
120,0.14,8,0.040697221613208344,0.09898053492753858,0.019132014375570886,0.03115524703963993,0.049476058593792095,0.10000742432611821,0.020390964770706187,0.031185399482108554,8,0
121,0.14,8,0.04530821800022225,0.15751956422070604,0.01764498748862888,0.02873372000606178,0.053858651052525984,0.16910596132024272,0.018806086551952293,0.028761528864014122,8,1
122,0.14,8,0.04117792054493315,0.027170126142477755,0.0006360003980698766,0.0010356854814244827,0.05865243493528462,0.034396648054751656,0.0006778513467853422,0.0010366878309438492,8,2
123,0.16,8,0.04277988650356179,0.13181393093561034,0.011741929183072519,0.01912097164675394,0.06398624274814588,0.13539837580830627,0.012514587309628995,0.019139477165159513,8,0
124,0.16,8,0.042364687750821056,0.12964400205281434,0.006878697389697355,0.011201513456973008,0.06349902700309336,0.13292855602035605,0.007331338634198628,0.011212354423492882,8,1
125,0.16,8,0.03730078891380873,0.054200891520555794,0.004579692993245627,0.007457733606580176,0.09160838383074371,0.06215014576424958,0.004881052075998954,0.007464951295569493,8,2
126,0.18,8,0.05182531139013617,0.031863256012188715,0.016877878029592806,0.027484531905239303,0.0699552494423512,0.037355847119494176,0.017988498730439284,0.027511131783134517,8,0
127,0.18,8,0.031410965413056186,0.014430033023135396,0.01729924526771812,0.028170701178400957,0.05901989718970787,0.017709134750603872,0.018437593339061052,0.02819796513960472,8,1
128,0.18,8,0.034763366088925794,0.028936750652044204,0.0708881502314934,0.06643893168776212,0.06305403572321007,0.03619807243922352,0.08352317683293992,0.07039875127434275,8,2
129,0.2,8,0.07307698783922278,0.10823792994250392,0.07264686432162436,0.11028945931118168,0.09598538420804828,0.10840167474589404,0.08561754842214596,0.11397794663939458,8,0
130,0.2,8,0.05554965791557323,0.057377157751231235,0.07119885222880301,0.08985581263103565,0.08523408626000455,0.059643726771109414,0.08424123894123581,0.09359708408529585,8,1
131,0.2,8,0.032025124074696286,0.14758292615486282,0.0022727275017571736,0.0037009896282240717,0.05006831426510834,0.15424337426229906,0.00242228055614052,0.003704571492835788,8,2
132,0.0,10,0.00043915442379015345,0.014710280337113446,1.8285431039692194e-17,3.654513016723657e-17,0.0005367662729026298,0.017900056046459605,3.4877362185601754e-17,6.59536427912951e-17,10,0
133,0.0,10,0.0005537823272487386,0.016156299030006926,3.801536081008324e-12,1.0512812839218826e-08,0.0007149578961498041,0.019571496818761684,4.416177598727829e-12,1.7020272882453787e-08,10,1
134,0.0,10,0.0003503713976457405,0.011696417609611258,1.860780048564455e-17,3.758531413784103e-17,0.00047412928350878557,0.014796267018652777,3.522684814099016e-17,6.762507913698804e-17,10,2
135,0.02,10,0.0010988110433021463,0.0058966075236564835,0.00023634348279140535,0.0005637660277654082,0.0013537163721808031,0.008356251834927244,0.0003091172534685578,0.0006821140598359338,10,0
136,0.02,10,0.0010317260735574901,0.017233250429952836,0.0005077263830886797,0.0011487749572518626,0.0012462060161277625,0.021147819003702224,0.0006455413676035419,0.0013894389931523629,10,1
137,0.02,10,0.0009128181873395938,0.023338157878408802,0.0002534093923689942,0.0006076225151805721,0.001353400869385485,0.02748529151138198,0.0003276281532361745,0.0007268037099568326,10,2
138,0.04,10,0.0022802363838589023,0.03058459296030223,0.0007112053268387339,0.0006042765115651817,0.0028584786495689796,0.035537917410227174,0.0008469699898920557,0.000703849736800239,10,0
139,0.04,10,0.0018818051132006568,0.013187192126095522,0.0002940288919243515,0.0003272182131080285,0.002295461775809012,0.017191511158556782,0.0003916179562040492,0.00043036581568167687,10,1
140,0.04,10,0.001653420100174191,0.021296263998320273,0.0006986455601020985,0.0008038085955228871,0.0023398841652845924,0.02639192569463441,0.0007913932275513897,0.0008765599111623021,10,2
141,0.06,10,0.002409826655170131,0.016159746227708705,0.0005711714167620156,0.0012084147474123329,0.0033770389350702315,0.022392667346835416,0.0007957707558637326,0.001471963757703025,10,0
142,0.06,10,0.0034528806744593423,0.00719520513680839,0.0027578144472944085,0.016993479184809708,0.004394540378556603,0.008635631835012689,0.003226726974020222,0.02123049873567823,10,1
143,0.06,10,0.00270540474051018,0.02159713036505372,0.0014167316642662757,0.0019541150913036757,0.0030951038807696045,0.025680517879170403,0.0017271127470220708,0.002518609505342086,10,2
144,0.08,10,0.002610196660722173,0.013062879549451616,0.0004776165590013565,0.0005907198311932134,0.0035875841933544,0.017803776250587815,0.0005563717645818621,0.0006462386512507183,10,0
145,0.08,10,0.003273394765055165,0.018939028131617748,0.0012292859532723487,0.0020942144824498787,0.004205550719829948,0.022557375910901813,0.0015452148542413875,0.0027080137412923526,10,1
146,0.08,10,0.005142463552090478,0.029831117828723355,0.0014853594334474824,0.0031300700406575494,0.006327356883385415,0.0360578121981575,0.0023165927205820477,0.004304049088653689,10,2
147,0.1,10,0.005055947626242518,0.0303178214331441,0.003211967402831772,0.016401239760883316,0.00634685992678813,0.040866454579675,0.004479381599931268,0.02304738772141481,10,0
148,0.1,10,0.0030229442254664494,0.028507321913275013,0.002633117026408718,0.018265290769131956,0.003658284669229493,0.03328572144186757,0.004078179517824506,0.02463420627275944,10,1
149,0.1,10,0.003257706559240331,0.028254605853626012,0.0015936566583080317,0.002277657027142623,0.004023283519786631,0.03298890273613084,0.0019532186805374333,0.0029471304862128695,10,2
150,0.12,10,0.0036511766080129654,0.01921844112155309,0.002742161091044052,0.018533745732984535,0.004744583017678736,0.025527936317800162,0.004099556383526611,0.024859741482763594,10,0
151,0.12,10,0.005418991822208073,0.03196345973822836,0.004485188358917116,0.019220151650347867,0.006708172040739784,0.036276931605033716,0.006371243657972635,0.026851651143990588,10,1
152,0.12,10,0.004978525116484164,0.02436166418617732,0.004724903817869629,0.02028429586410401,0.006653395721943694,0.028064923465790096,0.0071190824261784386,0.029046154375902564,10,2
153,0.14,10,0.002713558571537984,0.017961156032101112,0.004312001716134277,0.012419907519928849,0.0032550352695399007,0.02324630787740709,0.005747301610591061,0.014301932388229284,10,0
154,0.14,10,0.0036059783730253885,0.024919823730384476,0.00265371586306792,0.01800129224224371,0.005185776725091543,0.029381169424624643,0.004052475081935007,0.024486900415033125,10,1
155,0.14,10,0.009046380025654676,0.021763646325723765,0.007824713719094298,0.007977356211996479,0.011543825668908873,0.02838841410169933,0.009929114620861886,0.009297580676215571,10,2
156,0.16,10,0.005463707686924561,0.01926849221529464,0.003704621885430303,0.020645467685607655,0.007134294337137937,0.02404551532928644,0.005045484685948789,0.026402316978606927,10,0
157,0.16,10,0.005702602907993022,0.025761801119214674,0.004586149467081194,0.01814364189091681,0.0068846849053397,0.031022293256273897,0.005661361459768814,0.022851996190388548,10,1
158,0.16,10,0.005364929036639219,0.02070127529920342,0.002926851635839108,0.018174684792683436,0.006600182872850569,0.026965854935151967,0.004470142626939978,0.02400304653298011,10,2
159,0.18,10,0.007649972580954397,0.10344341898438014,0.006262232904244726,0.04317343356614059,0.0090201884534138,0.11827681974285648,0.008372275772404356,0.05426982240279335,10,0
160,0.18,10,0.004056983568659028,0.008478399602162782,0.006239485019337427,0.01935540848060095,0.005335643734170322,0.01141043104524238,0.00889440983940703,0.029406138628240222,10,1
161,0.18,10,0.008240242779928542,0.04429720283751677,0.005430952383234102,0.013110601733279402,0.010690221169380293,0.0567406155340646,0.007169832621641724,0.019289645708372837,10,2
162,0.2,10,0.007885973168940559,0.02486650670486438,0.0056288177937056745,0.020413749002527792,0.010013917322645447,0.030165230532140513,0.006781173011433744,0.024600210946029457,10,0
163,0.2,10,0.003479659622987765,0.05104249637069472,0.00446586314920937,0.019016637814614656,0.00480684418145609,0.05636531879939207,0.006568907021509421,0.027588425184411212,10,1
164,0.2,10,0.007138094064938104,0.03452368082519094,0.005915444522026688,0.015017901134969635,0.008760384944881645,0.04207218851712508,0.006657867292862094,0.021453144897321377,10,2
