,x1,y_raw,rep
0,-4.0,-0.23832762329959378,0.0
1,-3.95,-0.23226326646275475,0.0
2,-3.9000000000000004,-0.22619890962591602,0.0
3,-3.8500000000000005,-0.22013455278907598,0.0
4,-3.8000000000000007,-0.21407019595223678,0.0
5,-3.750000000000001,-0.20800583911539758,0.0
6,-3.700000000000001,-0.20194148227855788,0.0
7,-3.6500000000000012,-0.19587712544171867,0.0
8,-3.6000000000000014,-0.19124810466868883,0.0
9,-3.5500000000000016,-0.1890312003548313,0.0
10,-3.5000000000000018,-0.18681429604097305,0.0
11,-3.450000000000002,-0.18459739172711506,0.0
12,-3.400000000000002,-0.18238048741325674,0.0
13,-3.3500000000000023,-0.1801635830993985,0.0
14,-3.3000000000000025,-0.17794667878554132,0.0
15,-3.2500000000000027,-0.17572977447168314,0.0
16,-3.200000000000003,-0.17351287015782485,0.0
17,-3.150000000000003,-0.17129596584396692,0.0
18,-3.100000000000003,-0.16907906153010915,0.0
19,-3.0500000000000034,-0.1669158030701438,0.0
20,-3.0000000000000036,-0.16511980467624157,0.0
21,-2.9500000000000037,-0.16332380628233975,0.0
22,-2.900000000000004,-0.1615278078884372,0.0
23,-2.850000000000004,-0.159731809494535,0.0
24,-2.8000000000000043,-0.157935811100633,0.0
25,-2.7500000000000044,-0.15613981270673066,0.0
26,-2.7000000000000046,-0.1543438143128279,0.0
27,-2.650000000000005,-0.152547815918926,0.0
28,-2.600000000000005,-0.1507518175250237,0.0
29,-2.550000000000005,-0.14895581913112155,0.0
30,-2.5000000000000053,-0.1471598207372187,0.0
31,-2.4500000000000055,-0.14536382234331652,0.0
32,-2.4000000000000057,-0.1435678239494145,0.0
33,-2.350000000000006,-0.141123919502298,0.0
34,-2.300000000000006,-0.13839239312156937,0.0
35,-2.250000000000006,-0.13566086674084096,0.0
36,-2.2000000000000064,-0.13292934036011264,0.0
37,-2.1500000000000066,-0.13019781397938354,0.0
38,-2.1000000000000068,-0.12746628759865544,0.0
39,-2.050000000000007,-0.1247347612179266,0.0
40,-2.000000000000007,-0.12176101811081053,0.0
41,-1.9500000000000073,-0.11877951734036633,0.0
42,-1.9000000000000075,-0.1157980165699212,0.0
43,-1.8500000000000076,-0.11090719738281513,0.0
44,-1.8000000000000078,-0.10579301018525622,0.0
45,-1.750000000000008,-0.10067882298769704,0.0
46,-1.7000000000000082,-0.09556463579013781,0.0
47,-1.6500000000000083,-0.09045044859257861,0.0
48,-1.6000000000000085,-0.08533626139501949,0.0
49,-1.5500000000000087,-0.08283141674352064,0.0
50,-1.5000000000000089,-0.07960632822545226,0.0
51,-1.450000000000009,-0.07592216231669897,0.0
52,-1.4000000000000092,-0.07212091153488277,0.0
53,-1.3500000000000094,-0.06737352529863536,0.0
54,-1.3000000000000096,-0.06262613906238765,0.0
55,-1.2500000000000098,-0.05787875282614007,0.0
56,-1.20000000000001,-0.05313136658989229,0.0
57,-1.1500000000000101,-0.04838398035364474,0.0
58,-1.1000000000000103,-0.04350193199063084,0.0
59,-1.0500000000000105,-0.0377758656837909,0.0
60,-1.0000000000000107,-0.03204979937695089,0.0
61,-0.9500000000000108,-0.026323733070110936,0.0
62,-0.900000000000011,-0.021621123350789223,0.0
63,-0.8500000000000112,-0.01723696932464821,0.0
64,-0.8000000000000114,-0.012852815298507058,0.0
65,-0.7500000000000115,-0.008911977974648204,0.0
66,-0.7000000000000117,-0.007021902368451075,0.0
67,-0.6500000000000119,-0.004293966964022512,0.0
68,-0.6000000000000121,-0.0018880674738258765,0.0
69,-0.5500000000000123,-0.00042979073747339197,0.0
70,-0.5000000000000124,-0.00023626026094459657,0.0
71,-0.4500000000000126,-0.00146125348663746,0.0
72,-0.4000000000000128,-0.001839138852645414,0.0
73,-0.35000000000001297,-0.0009199294047048807,0.0
74,-0.30000000000001315,1.4295313078940634e-06,0.0
75,-0.2500000000000133,-0.002904756505485965,0.0
76,-0.2000000000000135,-0.009042293082210762,0.0
77,-0.15000000000001368,-0.015477322980736395,0.0
78,-0.10000000000001386,-0.014055666135699193,0.0
79,-0.05000000000001403,-0.0136997019771032,0.0
80,-1.4210854715202004e-14,-0.01517411245687716,0.0
81,0.04999999999998561,-0.017789914420004722,0.0
82,0.09999999999998543,-0.02041183353470279,0.0
83,0.14999999999998526,-0.014968673619582672,0.0
84,0.19999999999998508,-0.007297817741518282,0.0
85,0.2499999999999849,-0.0060537132853693155,0.0
86,0.2999999999999847,-0.00456278240490063,0.0
87,0.34999999999998455,-0.00688397508888933,0.0
88,0.39999999999998437,-0.009205167772878045,0.0
89,0.4499999999999842,-0.011526360456866662,0.0
90,0.499999999999984,-0.014318158252019993,0.0
91,0.5499999999999838,-0.017504601885080403,0.0
92,0.5999999999999837,-0.02034192831967779,0.0
93,0.6499999999999835,-0.021569276272870978,0.0
94,0.6999999999999833,-0.02176094993452519,0.0
95,0.7499999999999831,-0.020527668432917454,0.0
96,0.799999999999983,-0.01929139823026436,0.0
97,0.8499999999999828,-0.018051344789651324,0.0
98,0.8999999999999826,-0.016811291349038388,0.0
99,0.9499999999999824,-0.015571237908425335,0.0
100,0.9999999999999822,-0.014100095248659263,0.0
101,1.049999999999982,-0.011061796596711455,0.0
102,1.0999999999999819,-0.006527774141755406,0.0
103,1.1499999999999817,-0.0019937516867994907,0.0
104,1.1999999999999815,2.5402707681564552e-05,0.0
105,1.2499999999999813,7.07429322311246e-05,0.0
106,1.2999999999999812,0.00011398727449452367,0.0
107,1.349999999999981,0.0001924196493700816,0.0
108,1.3999999999999808,0.00027179195479371313,0.0
109,1.4499999999999806,0.00024296175443584077,0.0
110,1.4999999999999805,8.426543895276523e-05,0.0
111,1.5499999999999803,-0.0030452261207991097,0.0
112,1.59999999999998,-0.017182087713602478,0.0
113,1.64999999999998,-0.0250216284345622,0.0
114,1.6999999999999797,-0.05958133804676674,0.0
115,1.7499999999999796,-0.08380661965017586,0.0
116,1.7999999999999794,-0.10803190125358512,0.0
117,1.8499999999999792,-0.133066986878087,0.0
118,1.899999999999979,-0.15511631681114407,0.0
119,1.9499999999999789,-0.16713152187391114,0.0
120,1.9999999999999787,-0.17684953671967013,0.0
121,2.0499999999999785,-0.18379602988356933,0.0
122,2.0999999999999783,-0.1907425230474684,0.0
123,2.149999999999978,-0.19575451271634658,0.0
124,2.199999999999978,-0.20029992996612933,0.0
125,2.249999999999978,-0.20485757864914475,0.0
126,2.2999999999999776,-0.2093206622611027,0.0
127,2.3499999999999774,-0.21037661067837485,0.0
128,2.3999999999999773,-0.2131580357697308,0.0
129,2.449999999999977,-0.215939460861087,0.0
130,2.499999999999977,-0.21872088595244335,0.0
131,2.5499999999999767,-0.2215023110437994,0.0
132,2.5999999999999766,-0.22428373613515565,0.0
133,2.6499999999999764,-0.22706516122651202,0.0
134,2.699999999999976,-0.2298465863178678,0.0
135,2.749999999999976,-0.23262801140922393,0.0
136,2.799999999999976,-0.2354094365005804,0.0
137,2.8499999999999757,-0.23819086159193648,0.0
138,2.8999999999999755,-0.24163360412272125,0.0
139,2.9499999999999753,-0.2451850569903022,0.0
140,2.999999999999975,-0.24873650985788337,0.0
141,3.049999999999975,-0.25277396073573105,0.0
142,3.0999999999999748,-0.2572442634275437,0.0
143,3.1499999999999746,-0.2617145661193559,0.0
144,3.1999999999999744,-0.26618486881116804,0.0
145,3.2499999999999742,-0.2706551715029806,0.0
146,3.299999999999974,-0.27512547419479294,0.0
147,3.349999999999974,-0.27959577688660525,0.0
148,3.3999999999999737,-0.2840660795784175,0.0
149,3.4499999999999735,-0.2885363822702301,0.0
150,3.4999999999999734,-0.2930066849620425,0.0
151,3.549999999999973,-0.29747698765385455,0.0
152,3.599999999999973,-0.3019472903456672,0.0
153,3.649999999999973,-0.3064158278324429,0.0
154,3.6999999999999726,-0.3108830211530974,0.0
155,3.7499999999999725,-0.31535021447375217,0.0
156,3.7999999999999723,-0.3198174077944069,0.0
157,3.849999999999972,-0.3242846011150615,0.0
158,3.899999999999972,-0.3287517944357161,0.0
159,3.9499999999999718,-0.3332189877563709,0.0
0,-4.0,1.7644959869928747,1.0
1,-3.95,1.741760447271709,1.0
2,-3.9000000000000004,1.7190249075505426,1.0
3,-3.8500000000000005,1.6962893678293771,1.0
4,-3.8000000000000007,1.6735538281082099,1.0
5,-3.750000000000001,1.6508182883870426,1.0
6,-3.700000000000001,1.628082748665877,1.0
7,-3.6500000000000012,1.6053472089447114,1.0
8,-3.6000000000000014,1.582611669223546,1.0
9,-3.5500000000000016,1.5598761295023782,1.0
10,-3.5000000000000018,1.5371405897812114,1.0
11,-3.450000000000002,1.514405050060047,1.0
12,-3.400000000000002,1.4916695103388808,1.0
13,-3.3500000000000023,1.4689339706177136,1.0
14,-3.3000000000000025,1.4490292672274525,1.0
15,-3.2500000000000027,1.4295934523857934,1.0
16,-3.200000000000003,1.410157637544136,1.0
17,-3.150000000000003,1.3907218227024785,1.0
18,-3.100000000000003,1.3712860078608209,1.0
19,-3.0500000000000034,1.3518501930191626,1.0
20,-3.0000000000000036,1.332414378177505,1.0
21,-2.9500000000000037,1.3129785633358482,1.0
22,-2.900000000000004,1.2935427484941904,1.0
23,-2.850000000000004,1.2741069336525321,1.0
24,-2.8000000000000043,1.2546711188108743,1.0
25,-2.7500000000000044,1.2352353039692168,1.0
26,-2.7000000000000046,1.2157994891275596,1.0
27,-2.650000000000005,1.1963636742859016,1.0
28,-2.600000000000005,1.174796709255532,1.0
29,-2.550000000000005,1.1521109340495514,1.0
30,-2.5000000000000053,1.1294251588435713,1.0
31,-2.4500000000000055,1.1067393836375912,1.0
32,-2.4000000000000057,1.084053608431611,1.0
33,-2.350000000000006,1.0613678332256309,1.0
34,-2.300000000000006,1.0386820580196507,1.0
35,-2.250000000000006,1.0159962828136704,1.0
36,-2.2000000000000064,0.9933105076076907,1.0
37,-2.1500000000000066,0.9706247324017105,1.0
38,-2.1000000000000068,0.9479389571957303,1.0
39,-2.050000000000007,0.92525318198975,1.0
40,-2.000000000000007,0.9025674067837703,1.0
41,-1.9500000000000073,0.8798816315777899,1.0
42,-1.9000000000000075,0.8571958563718096,1.0
43,-1.8500000000000076,0.8345100811658303,1.0
44,-1.8000000000000078,0.8118243059598501,1.0
45,-1.750000000000008,0.7891385307538693,1.0
46,-1.7000000000000082,0.7664527555478893,1.0
47,-1.6500000000000083,0.7437669803419095,1.0
48,-1.6000000000000085,0.7210812051359292,1.0
49,-1.5500000000000087,0.6983954299299487,1.0
50,-1.5000000000000089,0.6757096547239686,1.0
51,-1.450000000000009,0.653023879517989,1.0
52,-1.4000000000000092,0.6303381043120087,1.0
53,-1.3500000000000094,0.6076523291060288,1.0
54,-1.3000000000000096,0.5849665539000483,1.0
55,-1.2500000000000098,0.5622807786940687,1.0
56,-1.20000000000001,0.539595003488088,1.0
57,-1.1500000000000101,0.5169092282821082,1.0
58,-1.1000000000000103,0.49422345307612775,1.0
59,-1.0500000000000105,0.47153767787014755,1.0
60,-1.0000000000000107,0.44885190266416763,1.0
61,-0.9500000000000108,0.4261661274581874,1.0
62,-0.900000000000011,0.39319265814075705,1.0
63,-0.8500000000000112,0.2923415879145794,1.0
64,-0.8000000000000114,0.16648817645837055,1.0
65,-0.7500000000000115,0.1381733818732156,1.0
66,-0.7000000000000117,0.12179548235853745,1.0
67,-0.6500000000000119,0.12625513271755162,1.0
68,-0.6000000000000121,0.13910376789739037,1.0
69,-0.5500000000000123,0.23600055157049343,1.0
70,-0.5000000000000124,0.2874643420126227,1.0
71,-0.4500000000000126,0.3297929155572787,1.0
72,-0.4000000000000128,0.3658632396672497,1.0
73,-0.35000000000001297,0.4033820070693449,1.0
74,-0.30000000000001315,0.44090077447144016,1.0
75,-0.2500000000000133,0.4784195418735352,1.0
76,-0.2000000000000135,0.51593830927563,1.0
77,-0.15000000000001368,0.5500773128740355,1.0
78,-0.10000000000001386,0.5804623707096335,1.0
79,-0.05000000000001403,0.6221029125457644,1.0
80,-1.4210854715202004e-14,0.667209542965656,1.0
81,0.04999999999998561,0.7148012432744982,1.0
82,0.09999999999998543,0.7628481489647654,1.0
83,0.14999999999998526,0.8108950546550334,1.0
84,0.19999999999998508,0.8560460324487378,1.0
85,0.2499999999999849,0.8989380167998905,1.0
86,0.2999999999999847,0.9418300011510425,1.0
87,0.34999999999998455,0.9847219855021954,1.0
88,0.39999999999998437,1.0276139698533475,1.0
89,0.4499999999999842,1.0705059542045,1.0
90,0.499999999999984,1.1133979385556525,1.0
91,0.5499999999999838,1.1562899229068044,1.0
92,0.5999999999999837,1.1991819072579577,1.0
93,0.6499999999999835,1.2420738916091096,1.0
94,0.6999999999999833,1.2849658759602625,1.0
95,0.7499999999999831,1.3278578603114144,1.0
96,0.799999999999983,1.3707498446625666,1.0
97,0.8499999999999828,1.4136418290137192,1.0
98,0.8999999999999826,1.456395712612897,1.0
99,0.9499999999999824,1.4876266369188593,1.0
100,0.9999999999999822,1.5189938435147068,1.0
101,1.049999999999982,1.5504607376132236,1.0
102,1.0999999999999819,1.581927631711741,1.0
103,1.1499999999999817,1.6133945258102582,1.0
104,1.1999999999999815,1.6448614199087743,1.0
105,1.2499999999999813,1.6762035507653195,1.0
106,1.2999999999999812,1.7113803906496703,1.0
107,1.349999999999981,1.7487531009122985,1.0
108,1.3999999999999808,1.7861258111749236,1.0
109,1.4499999999999806,1.8234985214375514,1.0
110,1.4999999999999805,1.860871231700178,1.0
111,1.5499999999999803,1.898243941962805,1.0
112,1.59999999999998,1.9356166522254314,1.0
113,1.64999999999998,1.9729893624880595,1.0
114,1.6999999999999797,2.0103620727506857,1.0
115,1.7499999999999796,2.047734783013312,1.0
116,1.7999999999999794,2.085107493275938,1.0
117,1.8499999999999792,2.1224802035385677,1.0
118,1.899999999999979,2.1598529138011933,1.0
119,1.9499999999999789,2.1972256240638206,1.0
120,1.9999999999999787,2.2345983343264466,1.0
121,2.0499999999999785,2.271971044589074,1.0
122,2.0999999999999783,2.3093437548517017,1.0
123,2.149999999999978,2.3467164651143277,1.0
124,2.199999999999978,2.3840891753769546,1.0
125,2.249999999999978,2.421461885639582,1.0
126,2.2999999999999776,2.4588345959022084,1.0
127,2.3499999999999774,2.4962073061648353,1.0
128,2.3999999999999773,2.533580016427462,1.0
129,2.449999999999977,2.5709527266900905,1.0
130,2.499999999999977,2.6083254369527165,1.0
131,2.5499999999999767,2.645698147215342,1.0
132,2.5999999999999766,2.68307085747797,1.0
133,2.6499999999999764,2.7204435677405976,1.0
134,2.699999999999976,2.7578162780032236,1.0
135,2.749999999999976,2.7951889882658523,1.0
136,2.799999999999976,2.8325616985284787,1.0
137,2.8499999999999757,2.869934408791105,1.0
138,2.8999999999999755,2.9073071190537316,1.0
139,2.9499999999999753,2.9446798293163585,1.0
140,2.999999999999975,2.9820525395789845,1.0
141,3.049999999999975,3.019425249841613,1.0
142,3.0999999999999748,3.0567979601042405,1.0
143,3.1499999999999746,3.0941706703668657,1.0
144,3.1999999999999744,3.1318170512949646,1.0
145,3.2499999999999742,3.1699289914715085,1.0
146,3.299999999999974,3.2080409316480503,1.0
147,3.349999999999974,3.246152871824591,1.0
148,3.3999999999999737,3.284264812001136,1.0
149,3.4499999999999735,3.3223767521776786,1.0
150,3.4999999999999734,3.3604886923542208,1.0
151,3.549999999999973,3.3986006325307625,1.0
152,3.599999999999973,3.4367125727073047,1.0
153,3.649999999999973,3.4748245128838464,1.0
154,3.6999999999999726,3.51293645306039,1.0
155,3.7499999999999725,3.5510483932369317,1.0
156,3.7999999999999723,3.5891603334134743,1.0
157,3.849999999999972,3.627272273590018,1.0
158,3.899999999999972,3.6653842137665595,1.0
159,3.9499999999999718,3.703496153943104,1.0
0,-4.0,0.5712728962227238,2.0
1,-3.95,0.5695663096386756,2.0
2,-3.9000000000000004,0.5678597230546268,2.0
3,-3.8500000000000005,0.5661531364705784,2.0
4,-3.8000000000000007,0.5644465498865296,2.0
5,-3.750000000000001,0.5627399633024813,2.0
6,-3.700000000000001,0.5610333767184322,2.0
7,-3.6500000000000012,0.5593267901343838,2.0
8,-3.6000000000000014,0.5576202035503354,2.0
9,-3.5500000000000016,0.5546221516170964,2.0
10,-3.5000000000000018,0.5509525032615524,2.0
11,-3.450000000000002,0.5472828549060076,2.0
12,-3.400000000000002,0.5436132065504634,2.0
13,-3.3500000000000023,0.5399435581949191,2.0
14,-3.3000000000000025,0.536273909839375,2.0
15,-3.2500000000000027,0.5326042614838304,2.0
16,-3.200000000000003,0.5289346131282863,2.0
17,-3.150000000000003,0.5252649647727419,2.0
18,-3.100000000000003,0.5215953164171977,2.0
19,-3.0500000000000034,0.5179256680616534,2.0
20,-3.0000000000000036,0.5142560197061091,2.0
21,-2.9500000000000037,0.5105863713505651,2.0
22,-2.900000000000004,0.5069167229950209,2.0
23,-2.850000000000004,0.5032470746394763,2.0
24,-2.8000000000000043,0.4995774262839321,2.0
25,-2.7500000000000044,0.4959077779283877,2.0
26,-2.7000000000000046,0.49223812957284346,2.0
27,-2.650000000000005,0.4885684812172987,2.0
28,-2.600000000000005,0.48489883286175484,2.0
29,-2.550000000000005,0.48122918450621055,2.0
30,-2.5000000000000053,0.47755953615066615,2.0
31,-2.4500000000000055,0.4738898877951219,2.0
32,-2.4000000000000057,0.4699918241887165,2.0
33,-2.350000000000006,0.4678257078247191,2.0
34,-2.300000000000006,0.46565959146072,2.0
35,-2.250000000000006,0.46349347509672345,2.0
36,-2.2000000000000064,0.46132735873272535,2.0
37,-2.1500000000000066,0.45916124236872746,2.0
38,-2.1000000000000068,0.4569951260047293,2.0
39,-2.050000000000007,0.45482900964073164,2.0
40,-2.000000000000007,0.45266289327673415,2.0
41,-1.9500000000000073,0.4504967769127365,2.0
42,-1.9000000000000075,0.446118942218327,2.0
43,-1.8500000000000076,0.44031996482000807,2.0
44,-1.8000000000000078,0.43452098742168915,2.0
45,-1.750000000000008,0.42872201002337107,2.0
46,-1.7000000000000082,0.4229230326250518,2.0
47,-1.6500000000000083,0.41712405522673357,2.0
48,-1.6000000000000085,0.4113250778284145,2.0
49,-1.5500000000000087,0.40552610043009596,2.0
50,-1.5000000000000089,0.39972712303177776,2.0
51,-1.450000000000009,0.39392814563345824,2.0
52,-1.4000000000000092,0.3881291682351398,2.0
53,-1.3500000000000094,0.39321970102408044,2.0
54,-1.3000000000000096,0.4015712558764488,2.0
55,-1.2500000000000098,0.40992281072881676,2.0
56,-1.20000000000001,0.4101401520801896,2.0
57,-1.1500000000000101,0.40912577512337306,2.0
58,-1.1000000000000103,0.4081113981665561,2.0
59,-1.0500000000000105,0.40709702120974006,2.0
60,-1.0000000000000107,0.4060826442529236,2.0
61,-0.9500000000000108,0.405068267296107,2.0
62,-0.900000000000011,0.40188719706115233,2.0
63,-0.8500000000000112,0.391842167720755,2.0
64,-0.8000000000000114,0.38179713838035734,2.0
65,-0.7500000000000115,0.3717521090399604,2.0
66,-0.7000000000000117,0.36002901343728566,2.0
67,-0.6500000000000119,0.3463119093404032,2.0
68,-0.6000000000000121,0.33259480524352064,2.0
69,-0.5500000000000123,0.31887770114663777,2.0
70,-0.5000000000000124,0.3057754934466008,2.0
71,-0.4500000000000126,0.2935380570564284,2.0
72,-0.4000000000000128,0.281300620666256,2.0
73,-0.35000000000001297,0.27003760075019745,2.0
74,-0.30000000000001315,0.25987058775994726,2.0
75,-0.2500000000000133,0.2497035747696969,2.0
76,-0.2000000000000135,0.24675200646479878,2.0
77,-0.15000000000001368,0.29687805542097195,2.0
78,-0.10000000000001386,0.3318691880454564,2.0
79,-0.05000000000001403,0.3751370772144652,2.0
80,-1.4210854715202004e-14,0.4496154383869258,2.0
81,0.04999999999998561,0.5240937995593872,2.0
82,0.09999999999998543,0.6038613821755091,2.0
83,0.14999999999998526,0.6813630676725304,2.0
84,0.19999999999998508,0.7650454808477828,2.0
85,0.2499999999999849,0.8455291031758857,2.0
86,0.2999999999999847,0.933745120533263,2.0
87,0.34999999999998455,1.0412676540263153,2.0
88,0.39999999999998437,1.1487901875193676,2.0
89,0.4499999999999842,1.2514306961383967,2.0
90,0.499999999999984,1.3532069544088188,2.0
91,0.5499999999999838,1.4499766872902453,2.0
92,0.5999999999999837,1.5456456972595398,2.0
93,0.6499999999999835,1.6402648680615903,2.0
94,0.6999999999999833,1.7624428949592341,2.0
95,0.7499999999999831,1.892680776666525,2.0
96,0.799999999999983,2.0229186583738152,2.0
97,0.8499999999999828,2.153156540081106,2.0
98,0.8999999999999826,2.283319928228426,2.0
99,0.9499999999999824,2.409633645752697,2.0
100,0.9999999999999822,2.534966641095692,2.0
101,1.049999999999982,2.6297200643357934,2.0
102,1.0999999999999819,2.7131965439437478,2.0
103,1.1499999999999817,2.796673023551702,2.0
104,1.1999999999999815,2.877098148984592,2.0
105,1.2499999999999813,2.952796845455136,2.0
106,1.2999999999999812,3.02849554192568,2.0
107,1.349999999999981,3.1041773283980327,2.0
108,1.3999999999999808,3.179834511290257,2.0
109,1.4499999999999806,3.2550579005082687,2.0
110,1.4999999999999805,3.3291746062299996,2.0
111,1.5499999999999803,3.420574152052668,2.0
112,1.59999999999998,3.5145576785541883,2.0
113,1.64999999999998,3.6211972182688945,2.0
114,1.6999999999999797,3.7295741305375056,2.0
115,1.7499999999999796,3.83795104280612,2.0
116,1.7999999999999794,3.9463279550747314,2.0
117,1.8499999999999792,4.054704867343345,2.0
118,1.899999999999979,4.1630817796119555,2.0
119,1.9499999999999789,4.27145869188057,2.0
120,1.9999999999999787,4.379835604149183,2.0
121,2.0499999999999785,4.488212516417795,2.0
122,2.0999999999999783,4.596589428686409,2.0
123,2.149999999999978,4.7049663409550195,2.0
124,2.199999999999978,4.813343253223632,2.0
125,2.249999999999978,4.926141944117635,2.0
126,2.2999999999999776,5.037188439891734,2.0
127,2.3499999999999774,5.148234935665832,2.0
128,2.3999999999999773,5.259281431439929,2.0
129,2.449999999999977,5.369235943169467,2.0
130,2.499999999999977,5.476102651236627,2.0
131,2.5499999999999767,5.582969359303786,2.0
132,2.5999999999999766,5.689836067370942,2.0
133,2.6499999999999764,5.796702775438096,2.0
134,2.699999999999976,5.903569483505257,2.0
135,2.749999999999976,6.010436191572415,2.0
136,2.799999999999976,6.117333655304238,2.0
137,2.8499999999999757,6.224290819582091,2.0
138,2.8999999999999755,6.331247983859942,2.0
139,2.9499999999999753,6.438205148137792,2.0
140,2.999999999999975,6.5451623124156475,2.0
141,3.049999999999975,6.652119476693496,2.0
142,3.0999999999999748,6.75907664097135,2.0
143,3.1499999999999746,6.8660338052492,2.0
144,3.1999999999999744,6.972990969527051,2.0
145,3.2499999999999742,7.079948133804903,2.0
146,3.299999999999974,7.186905298082755,2.0
147,3.349999999999974,7.2938624623606065,2.0
148,3.3999999999999737,7.400321767073403,2.0
149,3.4499999999999735,7.501588678491051,2.0
150,3.4999999999999734,7.602855589908692,2.0
151,3.549999999999973,7.704091481783697,2.0
152,3.599999999999973,7.804378807969638,2.0
153,3.649999999999973,7.904666134155577,2.0
154,3.6999999999999726,8.004953460341513,2.0
155,3.7499999999999725,8.105240786527453,2.0
156,3.7999999999999723,8.205528112713386,2.0
157,3.849999999999972,8.305815438899325,2.0
158,3.899999999999972,8.402644954916417,2.0
159,3.9499999999999718,8.498173073818112,2.0
0,-4.0,0.013545859930348726,3.0
1,-3.95,0.013419598067384622,3.0
2,-3.9000000000000004,0.013293336204420537,3.0
3,-3.8500000000000005,0.013184354908362002,3.0
4,-3.8000000000000007,0.013094496205713319,3.0
5,-3.750000000000001,0.013004637503064626,3.0
6,-3.700000000000001,0.012914778800415928,3.0
7,-3.6500000000000012,0.012824920097767235,3.0
8,-3.6000000000000014,0.012768728555384865,3.0
9,-3.5500000000000016,0.01272965003381794,3.0
10,-3.5000000000000018,0.012690571512251033,3.0
11,-3.450000000000002,0.012651492990684122,3.0
12,-3.400000000000002,0.012612414469117216,3.0
13,-3.3500000000000023,0.012573335947550298,3.0
14,-3.3000000000000025,0.012534257425983382,3.0
15,-3.2500000000000027,0.012495178904416477,3.0
16,-3.200000000000003,0.012419085278409826,3.0
17,-3.150000000000003,0.012325889794390173,3.0
18,-3.100000000000003,0.012236999706522507,3.0
19,-3.0500000000000034,0.012153377775744548,3.0
20,-3.0000000000000036,0.012069755844966593,3.0
21,-2.9500000000000037,0.01198613391418864,3.0
22,-2.900000000000004,0.011902511983410682,3.0
23,-2.850000000000004,0.011818890052632735,3.0
24,-2.8000000000000043,0.011735268121854782,3.0
25,-2.7500000000000044,0.011668240389937261,3.0
26,-2.7000000000000046,0.011605983267680638,3.0
27,-2.650000000000005,0.011542223306438055,3.0
28,-2.600000000000005,0.011490384437931636,3.0
29,-2.550000000000005,0.011440942810454293,3.0
30,-2.5000000000000053,0.011440297478664983,3.0
31,-2.4500000000000055,0.011417327322494947,3.0
32,-2.4000000000000057,0.011394357166324927,3.0
33,-2.350000000000006,0.011371387010154903,3.0
34,-2.300000000000006,0.011348416853984883,3.0
35,-2.250000000000006,0.011325446697814854,3.0
36,-2.2000000000000064,0.01130247654164483,3.0
37,-2.1500000000000066,0.011279506385474806,3.0
38,-2.1000000000000068,0.011256536229304785,3.0
39,-2.050000000000007,0.011241134877294683,3.0
40,-2.000000000000007,0.011285688396242529,3.0
41,-1.9500000000000073,0.011255790291230132,3.0
42,-1.9000000000000075,0.011117531366876031,3.0
43,-1.8500000000000076,0.010857359556830965,3.0
44,-1.8000000000000078,0.010594157716223664,3.0
45,-1.750000000000008,0.010330170230938747,3.0
46,-1.7000000000000082,0.010063026036825498,3.0
47,-1.6500000000000083,0.009795881842712259,3.0
48,-1.6000000000000085,0.009528737648599017,3.0
49,-1.5500000000000087,0.009261593454485772,3.0
50,-1.5000000000000089,0.00899444926037253,3.0
51,-1.450000000000009,0.00872730506625928,3.0
52,-1.4000000000000092,0.008460160872146042,3.0
53,-1.3500000000000094,0.008193016678032796,3.0
54,-1.3000000000000096,0.00792323222318225,3.0
55,-1.2500000000000098,0.007615307596005965,3.0
56,-1.20000000000001,0.0073214482917292,3.0
57,-1.1500000000000101,0.0070430555132539084,3.0
58,-1.1000000000000103,0.006689908019370912,3.0
59,-1.0500000000000105,0.0063367605254879035,3.0
60,-1.0000000000000107,0.005983613031604896,3.0
61,-0.9500000000000108,0.00563046553772189,3.0
62,-0.900000000000011,0.005277318043838887,3.0
63,-0.8500000000000112,0.00493181691978158,3.0
64,-0.8000000000000114,0.004588991983306434,3.0
65,-0.7500000000000115,0.004240410411130813,3.0
66,-0.7000000000000117,0.0038918288389551857,3.0
67,-0.6500000000000119,0.0035526142704385044,3.0
68,-0.6000000000000121,0.0032490609018342043,3.0
69,-0.5500000000000123,0.0029763143604202283,3.0
70,-0.5000000000000124,0.0027491617533127715,3.0
71,-0.4500000000000126,0.002522009146205309,3.0
72,-0.4000000000000128,0.00231702600543857,3.0
73,-0.35000000000001297,0.00225318165407039,3.0
74,-0.30000000000001315,0.00306094297522021,3.0
75,-0.2500000000000133,0.004512376861305497,3.0
76,-0.2000000000000135,0.0060423947480501075,3.0
77,-0.15000000000001368,0.006543457196312884,3.0
78,-0.10000000000001386,0.006660136952169916,3.0
79,-0.05000000000001403,0.0067839070185844955,3.0
80,-1.4210854715202004e-14,0.00724835232233122,3.0
81,0.04999999999998561,0.007442788857270338,3.0
82,0.09999999999998543,0.007863999876960553,3.0
83,0.14999999999998526,0.00815787211875812,3.0
84,0.19999999999998508,0.008429419644889882,3.0
85,0.2499999999999849,0.008661490013090014,3.0
86,0.2999999999999847,0.008834570130086648,3.0
87,0.34999999999998455,0.009059020257404998,3.0
88,0.39999999999998437,0.009117807025425194,3.0
89,0.4499999999999842,0.00903556285818144,3.0
90,0.499999999999984,0.00902340671152674,3.0
91,0.5499999999999838,0.009001162527904375,3.0
92,0.5999999999999837,0.009021416581429863,3.0
93,0.6499999999999835,0.00904167063495535,3.0
94,0.6999999999999833,0.009056613135436086,3.0
95,0.7499999999999831,0.009209566705584503,3.0
96,0.799999999999983,0.009410429165833512,3.0
97,0.8499999999999828,0.009611291626082527,3.0
98,0.8999999999999826,0.009894231883547612,3.0
99,0.9499999999999824,0.010190036671550952,3.0
100,0.9999999999999822,0.010485841459554291,3.0
101,1.049999999999982,0.010767442483045293,3.0
102,1.0999999999999819,0.011043150337113037,3.0
103,1.1499999999999817,0.011159766649360239,3.0
104,1.1999999999999815,0.011150187592942194,3.0
105,1.2499999999999813,0.011131923158314,3.0
106,1.2999999999999812,0.011077591961384158,3.0
107,1.349999999999981,0.011023260764454304,3.0
108,1.3999999999999808,0.010903985585367754,3.0
109,1.4499999999999806,0.010784851330975656,3.0
110,1.4999999999999805,0.010665717076583568,3.0
111,1.5499999999999803,0.010760066232767398,3.0
112,1.59999999999998,0.010898230202060282,3.0
113,1.64999999999998,0.011036394171353173,3.0
114,1.6999999999999797,0.01119798064574535,3.0
115,1.7499999999999796,0.011327951993998291,3.0
116,1.7999999999999794,0.011439601958907067,3.0
117,1.8499999999999792,0.011551251923815854,3.0
118,1.899999999999979,0.011662901888724616,3.0
119,1.9499999999999789,0.011774551853633396,3.0
120,1.9999999999999787,0.01188620181854218,3.0
121,2.0499999999999785,0.011997851783450957,3.0
122,2.0999999999999783,0.012109501748359723,3.0
123,2.149999999999978,0.012221151713268501,3.0
124,2.199999999999978,0.01233280167817728,3.0
125,2.249999999999978,0.012444451643086057,3.0
126,2.2999999999999776,0.012556101607994833,3.0
127,2.3499999999999774,0.012667751572903613,3.0
128,2.3999999999999773,0.012781873073473267,3.0
129,2.449999999999977,0.012906174331105292,3.0
130,2.499999999999977,0.013030475588737328,3.0
131,2.5499999999999767,0.013154776846369362,3.0
132,2.5999999999999766,0.013279078104001396,3.0
133,2.6499999999999764,0.013403379361633433,3.0
134,2.699999999999976,0.013527680619265466,3.0
135,2.749999999999976,0.013777534361720821,3.0
136,2.799999999999976,0.014036196481948723,3.0
137,2.8499999999999757,0.01429485860217663,3.0
138,2.8999999999999755,0.014553520722404534,3.0
139,2.9499999999999753,0.014812182842632434,3.0
140,2.999999999999975,0.015070844962860337,3.0
141,3.049999999999975,0.0153445625191508,3.0
142,3.0999999999999748,0.015624337565371429,3.0
143,3.1499999999999746,0.015904112611592067,3.0
144,3.1999999999999744,0.016171808999140044,3.0
145,3.2499999999999742,0.01641050607651268,3.0
146,3.299999999999974,0.016649203153885333,3.0
147,3.349999999999974,0.01688790023125798,3.0
148,3.3999999999999737,0.017126597308630618,3.0
149,3.4499999999999735,0.01736529438600327,3.0
150,3.4999999999999734,0.01760399146337591,3.0
151,3.549999999999973,0.017842688540748542,3.0
152,3.599999999999973,0.018081385618121185,3.0
153,3.649999999999973,0.018320082695493848,3.0
154,3.6999999999999726,0.01855877977286648,3.0
155,3.7499999999999725,0.018812234056059234,3.0
156,3.7999999999999723,0.01908707137066289,3.0
157,3.849999999999972,0.01937712057074142,3.0
158,3.899999999999972,0.019709890714374713,3.0
159,3.9499999999999718,0.020042660858008002,3.0
0,-4.0,0.015972673785255957,4.0
1,-3.95,0.015846490081713085,4.0
2,-3.9000000000000004,0.015711608726463367,4.0
3,-3.8500000000000005,0.015562511167322692,4.0
4,-3.8000000000000007,0.015413413608182039,4.0
5,-3.750000000000001,0.015264316049041377,4.0
6,-3.700000000000001,0.015115218489900724,4.0
7,-3.6500000000000012,0.014966120930760047,4.0
8,-3.6000000000000014,0.014817023371619388,4.0
9,-3.5500000000000016,0.014667925812478728,4.0
10,-3.5000000000000018,0.014518828253338069,4.0
11,-3.450000000000002,0.014370031663010886,4.0
12,-3.400000000000002,0.014223688624769493,4.0
13,-3.3500000000000023,0.014105053664484859,4.0
14,-3.3000000000000025,0.013987002890276006,4.0
15,-3.2500000000000027,0.013868952116067153,4.0
16,-3.200000000000003,0.013750901341858296,4.0
17,-3.150000000000003,0.013632850567649443,4.0
18,-3.100000000000003,0.01351479979344059,4.0
19,-3.0500000000000034,0.01339697927518066,4.0
20,-3.0000000000000036,0.013279407431086776,4.0
21,-2.9500000000000037,0.013161835586992911,4.0
22,-2.900000000000004,0.01304426374289904,4.0
23,-2.850000000000004,0.012926691898805152,4.0
24,-2.8000000000000043,0.012809120054711286,4.0
25,-2.7500000000000044,0.012691548210617415,4.0
26,-2.7000000000000046,0.01257397636652354,4.0
27,-2.650000000000005,0.012456404522429661,4.0
28,-2.600000000000005,0.012338832678335798,4.0
29,-2.550000000000005,0.012221260834241921,4.0
30,-2.5000000000000053,0.012103688990148041,4.0
31,-2.4500000000000055,0.011986117146054171,4.0
32,-2.4000000000000057,0.011868545301960295,4.0
33,-2.350000000000006,0.011750973457866428,4.0
34,-2.300000000000006,0.01163340161377255,4.0
35,-2.250000000000006,0.011515829769678677,4.0
36,-2.2000000000000064,0.011398257925584814,4.0
37,-2.1500000000000066,0.011280686081490918,4.0
38,-2.1000000000000068,0.011163114237397059,4.0
39,-2.050000000000007,0.011045542393303178,4.0
40,-2.000000000000007,0.010927970549209307,4.0
41,-1.9500000000000073,0.010810398705115435,4.0
42,-1.9000000000000075,0.010692826861021562,4.0
43,-1.8500000000000076,0.010575255016927696,4.0
44,-1.8000000000000078,0.010457683172833819,4.0
45,-1.750000000000008,0.01034011132873994,4.0
46,-1.7000000000000082,0.010222539484646066,4.0
47,-1.6500000000000083,0.010104967640552194,4.0
48,-1.6000000000000085,0.00998739579645832,4.0
49,-1.5500000000000087,0.009870518680790462,4.0
50,-1.5000000000000089,0.00976332846844707,4.0
51,-1.450000000000009,0.00965613825610368,4.0
52,-1.4000000000000092,0.009548948043760292,4.0
53,-1.3500000000000094,0.009441757831416906,4.0
54,-1.3000000000000096,0.009335937705477668,4.0
55,-1.2500000000000098,0.009262317316673438,4.0
56,-1.20000000000001,0.009253717934711058,4.0
57,-1.1500000000000101,0.009245118552748679,4.0
58,-1.1000000000000103,0.009236519170786297,4.0
59,-1.0500000000000105,0.009227919788823919,4.0
60,-1.0000000000000107,0.009436898582736804,4.0
61,-0.9500000000000108,0.00986525774615544,4.0
62,-0.900000000000011,0.010295669106168954,4.0
63,-0.8500000000000112,0.01074420175245799,4.0
64,-0.8000000000000114,0.011142884232845892,4.0
65,-0.7500000000000115,0.011360642444462112,4.0
66,-0.7000000000000117,0.011609288018916164,4.0
67,-0.6500000000000119,0.011863239727023266,4.0
68,-0.6000000000000121,0.012076419017171918,4.0
69,-0.5500000000000123,0.012289894264053546,4.0
70,-0.5000000000000124,0.012401568188513965,4.0
71,-0.4500000000000126,0.012408996214959184,4.0
72,-0.4000000000000128,0.012425724554627392,4.0
73,-0.35000000000001297,0.012465119573534078,4.0
74,-0.30000000000001315,0.012497493075651723,4.0
75,-0.2500000000000133,0.01249770614879452,4.0
76,-0.2000000000000135,0.012501301353751939,4.0
77,-0.15000000000001368,0.012498447335415006,4.0
78,-0.10000000000001386,0.012491942609520081,4.0
79,-0.05000000000001403,0.012482856293519676,4.0
80,-1.4210854715202004e-14,0.012457024278118043,4.0
81,0.04999999999998561,0.012313913868932826,4.0
82,0.09999999999998543,0.012170803459747595,4.0
83,0.14999999999998526,0.012053174620588645,4.0
84,0.19999999999998508,0.012055766936661792,4.0
85,0.2499999999999849,0.01196662565906348,4.0
86,0.2999999999999847,0.011857544472652035,4.0
87,0.34999999999998455,0.011748463286240582,4.0
88,0.39999999999998437,0.011639382099829131,4.0
89,0.4499999999999842,0.01153030091341768,4.0
90,0.499999999999984,0.01142121972700622,4.0
91,0.5499999999999838,0.011312138540594775,4.0
92,0.5999999999999837,0.011204860746019403,4.0
93,0.6499999999999835,0.011100463719908544,4.0
94,0.6999999999999833,0.010972361669516716,4.0
95,0.7499999999999831,0.010790725522900878,4.0
96,0.799999999999983,0.010609089376285026,4.0
97,0.8499999999999828,0.010427453229669184,4.0
98,0.8999999999999826,0.010245817083053338,4.0
99,0.9499999999999824,0.010064180936437487,4.0
100,0.9999999999999822,0.009882544789821639,4.0
101,1.049999999999982,0.009700908643205795,4.0
102,1.0999999999999819,0.009519272496589952,4.0
103,1.1499999999999817,0.009337636349974102,4.0
104,1.1999999999999815,0.009156000203358255,4.0
105,1.2499999999999813,0.008974364056742403,4.0
106,1.2999999999999812,0.008792727910126556,4.0
107,1.349999999999981,0.008611091763510714,4.0
108,1.3999999999999808,0.008429455616894864,4.0
109,1.4499999999999806,0.008247819470279015,4.0
110,1.4999999999999805,0.00806618332366317,4.0
111,1.5499999999999803,0.00798143740368429,4.0
112,1.59999999999998,0.007938249301976626,4.0
113,1.64999999999998,0.007895061200268956,4.0
114,1.6999999999999797,0.007851873098561276,4.0
115,1.7499999999999796,0.00790945146100718,4.0
116,1.7999999999999794,0.007989980635569533,4.0
117,1.8499999999999792,0.008070509810131873,4.0
118,1.899999999999979,0.008151038984694214,4.0
119,1.9499999999999789,0.008231568159256568,4.0
120,1.9999999999999787,0.008312097333818904,4.0
121,2.0499999999999785,0.008392626508381263,4.0
122,2.0999999999999783,0.008473155682943599,4.0
123,2.149999999999978,0.00855368485750594,4.0
124,2.199999999999978,0.008683289911525205,4.0
125,2.249999999999978,0.008817877544927993,4.0
126,2.2999999999999776,0.008952465178330794,4.0
127,2.3499999999999774,0.009087052811733595,4.0
128,2.3999999999999773,0.009221640445136394,4.0
129,2.449999999999977,0.009356228078539182,4.0
130,2.499999999999977,0.00949081571194199,4.0
131,2.5499999999999767,0.009625403345344794,4.0
132,2.5999999999999766,0.009759990978747583,4.0
133,2.6499999999999764,0.009894578612150377,4.0
134,2.699999999999976,0.010029166245553181,4.0
135,2.749999999999976,0.010163753878955965,4.0
136,2.799999999999976,0.01029834151235879,4.0
137,2.8499999999999757,0.010432929145761589,4.0
138,2.8999999999999755,0.010567516779164387,4.0
139,2.9499999999999753,0.010702104412567184,4.0
140,2.999999999999975,0.01083669204596998,4.0
141,3.049999999999975,0.010971279679372765,4.0
142,3.0999999999999748,0.011105867312775575,4.0
143,3.1499999999999746,0.011240454946178367,4.0
144,3.1999999999999744,0.011375042579581158,4.0
145,3.2499999999999742,0.011509630212983978,4.0
146,3.299999999999974,0.011644217846386784,4.0
147,3.349999999999974,0.011778805479789569,4.0
148,3.3999999999999737,0.011913393113192368,4.0
149,3.4499999999999735,0.012047980746595159,4.0
150,3.4999999999999734,0.012182568379997958,4.0
151,3.549999999999973,0.012317156013400764,4.0
152,3.599999999999973,0.012451743646803548,4.0
153,3.649999999999973,0.012586331280206368,4.0
154,3.6999999999999726,0.012720918913609162,4.0
155,3.7499999999999725,0.012855506547011966,4.0
156,3.7999999999999723,0.012990094180414751,4.0
157,3.849999999999972,0.013124681813817568,4.0
158,3.899999999999972,0.01325926944722035,4.0
159,3.9499999999999718,0.01339385708062315,4.0
0,-4.0,-0.09097908196037094,5.0
1,-3.95,-0.08982854748554844,5.0
2,-3.9000000000000004,-0.08884238178655476,5.0
3,-3.8500000000000005,-0.08786218999289597,5.0
4,-3.8000000000000007,-0.08688199819923711,5.0
5,-3.750000000000001,-0.08590180640557833,5.0
6,-3.700000000000001,-0.08483881021524671,5.0
7,-3.6500000000000012,-0.08371457847239484,5.0
8,-3.6000000000000014,-0.08259034672954313,5.0
9,-3.5500000000000016,-0.08146611498669125,5.0
10,-3.5000000000000018,-0.08034188324383953,5.0
11,-3.450000000000002,-0.0792176515009878,5.0
12,-3.400000000000002,-0.078093419758136,5.0
13,-3.3500000000000023,-0.07696918801528416,5.0
14,-3.3000000000000025,-0.0758449562724324,5.0
15,-3.2500000000000027,-0.07472072452958062,5.0
16,-3.200000000000003,-0.07359649278672885,5.0
17,-3.150000000000003,-0.07247226104387712,5.0
18,-3.100000000000003,-0.07134802930102527,5.0
19,-3.0500000000000034,-0.07022379755817354,5.0
20,-3.0000000000000036,-0.06909956581532171,5.0
21,-2.9500000000000037,-0.06797533407246997,5.0
22,-2.900000000000004,-0.06685110232961815,5.0
23,-2.850000000000004,-0.06572687058676632,5.0
24,-2.8000000000000043,-0.06460263884391458,5.0
25,-2.7500000000000044,-0.0634784071010628,5.0
26,-2.7000000000000046,-0.06235417535821099,5.0
27,-2.650000000000005,-0.06122994361535928,5.0
28,-2.600000000000005,-0.06010571187250746,5.0
29,-2.550000000000005,-0.05898148012965574,5.0
30,-2.5000000000000053,-0.057857248386803915,5.0
31,-2.4500000000000055,-0.056733016643952146,5.0
32,-2.4000000000000057,-0.05556110273778793,5.0
33,-2.350000000000006,-0.054379365901482846,5.0
34,-2.300000000000006,-0.05319762906517775,5.0
35,-2.250000000000006,-0.05201589222887267,5.0
36,-2.2000000000000064,-0.05083415539256761,5.0
37,-2.1500000000000066,-0.04965241855626252,5.0
38,-2.1000000000000068,-0.048470681719957484,5.0
39,-2.050000000000007,-0.047288944883652394,5.0
40,-2.000000000000007,-0.04610720804734726,5.0
41,-1.9500000000000073,-0.0449254712110422,5.0
42,-1.9000000000000075,-0.04378011464792574,5.0
43,-1.8500000000000076,-0.043638428962954695,5.0
44,-1.8000000000000078,-0.04349674327798361,5.0
45,-1.750000000000008,-0.043062462937282775,5.0
46,-1.7000000000000082,-0.04255282532051431,5.0
47,-1.6500000000000083,-0.04204318770374575,5.0
48,-1.6000000000000085,-0.04153355008697723,5.0
49,-1.5500000000000087,-0.04085776007188833,5.0
50,-1.5000000000000089,-0.040227586517363335,5.0
51,-1.450000000000009,-0.03963354540175909,5.0
52,-1.4000000000000092,-0.03911564371063199,5.0
53,-1.3500000000000094,-0.03885950686051386,5.0
54,-1.3000000000000096,-0.038604115859946074,5.0
55,-1.2500000000000098,-0.038348724859378285,5.0
56,-1.20000000000001,-0.038093333858810446,5.0
57,-1.1500000000000101,-0.037837942858242705,5.0
58,-1.1000000000000103,-0.03733027321291718,5.0
59,-1.0500000000000105,-0.0369807525771189,5.0
60,-1.0000000000000107,-0.03680644772165267,5.0
61,-0.9500000000000108,-0.03622638494493652,5.0
62,-0.900000000000011,-0.035419045798352096,5.0
63,-0.8500000000000112,-0.03461170665176765,5.0
64,-0.8000000000000114,-0.03380436750518323,5.0
65,-0.7500000000000115,-0.03299702835859876,5.0
66,-0.7000000000000117,-0.03218394526368527,5.0
67,-0.6500000000000119,-0.03137675166196983,5.0
68,-0.6000000000000121,-0.03071040956479741,5.0
69,-0.5500000000000123,-0.03227953644136667,5.0
70,-0.5000000000000124,-0.03421420795336417,5.0
71,-0.4500000000000126,-0.03603045681189867,5.0
72,-0.4000000000000128,-0.03784670567043321,5.0
73,-0.35000000000001297,-0.03966295452896772,5.0
74,-0.30000000000001315,-0.04147920338750222,5.0
75,-0.2500000000000133,-0.044956463636426115,5.0
76,-0.2000000000000135,-0.048734525269302484,5.0
77,-0.15000000000001368,-0.05251258690217878,5.0
78,-0.10000000000001386,-0.05624020002987098,5.0
79,-0.05000000000001403,-0.05992773317785774,5.0
80,-1.4210854715202004e-14,-0.06361526632584448,5.0
81,0.04999999999998561,-0.06730279947383122,5.0
82,0.09999999999998543,-0.07093232035416593,5.0
83,0.14999999999998526,-0.07305695051286093,5.0
84,0.19999999999998508,-0.07488403318367337,5.0
85,0.2499999999999849,-0.07671111585448578,5.0
86,0.2999999999999847,-0.07836012736353522,5.0
87,0.34999999999998455,-0.07982207906023875,5.0
88,0.39999999999998437,-0.08128403075694225,5.0
89,0.4499999999999842,-0.08274598245364569,5.0
90,0.499999999999984,-0.08410600192310173,5.0
91,0.5499999999999838,-0.08546032021505445,5.0
92,0.5999999999999837,-0.08707497750041267,5.0
93,0.6499999999999835,-0.0895633891838281,5.0
94,0.6999999999999833,-0.09279866329884788,5.0
95,0.7499999999999831,-0.09620145978025844,5.0
96,0.799999999999983,-0.09965105836322376,5.0
97,0.8499999999999828,-0.10310065694618906,5.0
98,0.8999999999999826,-0.10655025552915437,5.0
99,0.9499999999999824,-0.10999985411211968,5.0
100,0.9999999999999822,-0.11323120282105917,5.0
101,1.049999999999982,-0.11629564065705765,5.0
102,1.0999999999999819,-0.1193600784930561,5.0
103,1.1499999999999817,-0.1223488732960779,5.0
104,1.1999999999999815,-0.12520907217501806,5.0
105,1.2499999999999813,-0.12806927105395827,5.0
106,1.2999999999999812,-0.13092946993289847,5.0
107,1.349999999999981,-0.13378966881183865,5.0
108,1.3999999999999808,-0.1366498676907789,5.0
109,1.4499999999999806,-0.13951006656971904,5.0
110,1.4999999999999805,-0.1423702654486592,5.0
111,1.5499999999999803,-0.14523046432759945,5.0
112,1.59999999999998,-0.14809066320653969,5.0
113,1.64999999999998,-0.15095086208547986,5.0
114,1.6999999999999797,-0.15381106096442,5.0
115,1.7499999999999796,-0.15667125984336017,5.0
116,1.7999999999999794,-0.1595314587223004,5.0
117,1.8499999999999792,-0.16239165760124052,5.0
118,1.899999999999979,-0.1652518564801808,5.0
119,1.9499999999999789,-0.16811205535912102,5.0
120,1.9999999999999787,-0.17097225423806114,5.0
121,2.0499999999999785,-0.1738324531170014,5.0
122,2.0999999999999783,-0.17669265199594167,5.0
123,2.149999999999978,-0.1795528508748818,5.0
124,2.199999999999978,-0.18241304975382194,5.0
125,2.249999999999978,-0.18527324863276215,5.0
126,2.2999999999999776,-0.18792925884486808,5.0
127,2.3499999999999774,-0.19042790185848774,5.0
128,2.3999999999999773,-0.19292654487210728,5.0
129,2.449999999999977,-0.19542518788572702,5.0
130,2.499999999999977,-0.19792383089934662,5.0
131,2.5499999999999767,-0.20042247391296633,5.0
132,2.5999999999999766,-0.20292111692658588,5.0
133,2.6499999999999764,-0.20541975994020548,5.0
134,2.699999999999976,-0.20791840295382516,5.0
135,2.749999999999976,-0.21041704596744457,5.0
136,2.799999999999976,-0.21291568898106436,5.0
137,2.8499999999999757,-0.21541433199468393,5.0
138,2.8999999999999755,-0.21791297500830364,5.0
139,2.9499999999999753,-0.22041161802192316,5.0
140,2.999999999999975,-0.2229102610355427,5.0
141,3.049999999999975,-0.2254089040491625,5.0
142,3.0999999999999748,-0.2279075470627821,5.0
143,3.1499999999999746,-0.23040619007640162,5.0
144,3.1999999999999744,-0.23290483309002136,5.0
145,3.2499999999999742,-0.2354034761036409,5.0
146,3.299999999999974,-0.23790211911726047,5.0
147,3.349999999999974,-0.24040076213088007,5.0
148,3.3999999999999737,-0.24289940514449976,5.0
149,3.4499999999999735,-0.24539804815811933,5.0
150,3.4999999999999734,-0.24789669117173888,5.0
151,3.549999999999973,-0.25039533418535864,5.0
152,3.599999999999973,-0.2528939771989781,5.0
153,3.649999999999973,-0.2553926202125978,5.0
154,3.6999999999999726,-0.2578912632262174,5.0
155,3.7499999999999725,-0.26038990623983704,5.0
156,3.7999999999999723,-0.26288854925345667,5.0
157,3.849999999999972,-0.26538719226707613,5.0
158,3.899999999999972,-0.2678858352806959,5.0
159,3.9499999999999718,-0.2703962792054864,5.0
0,-4.0,-7.128829682014916,6.0
1,-3.95,-6.990967277017481,6.0
2,-3.9000000000000004,-6.853104872020039,6.0
3,-3.8500000000000005,-6.715242467022598,6.0
4,-3.8000000000000007,-6.5773800620251555,6.0
5,-3.750000000000001,-6.439517657027716,6.0
6,-3.700000000000001,-6.301655252030277,6.0
7,-3.6500000000000012,-6.163792847032838,6.0
8,-3.6000000000000014,-6.025930442035393,6.0
9,-3.5500000000000016,-5.888068037037954,6.0
10,-3.5000000000000018,-5.750205632040513,6.0
11,-3.450000000000002,-5.612343227043073,6.0
12,-3.400000000000002,-5.474480822045631,6.0
13,-3.3500000000000023,-5.33661841704819,6.0
14,-3.3000000000000025,-5.198756012050754,6.0
15,-3.2500000000000027,-5.060893607053307,6.0
16,-3.200000000000003,-4.923031202055868,6.0
17,-3.150000000000003,-4.785168797058429,6.0
18,-3.100000000000003,-4.647306392060988,6.0
19,-3.0500000000000034,-4.509443987063549,6.0
20,-3.0000000000000036,-4.371581582066106,6.0
21,-2.9500000000000037,-4.233719177068667,6.0
22,-2.900000000000004,-4.095856772071224,6.0
23,-2.850000000000004,-3.9579943670737836,6.0
24,-2.8000000000000043,-3.8201319620763425,6.0
25,-2.7500000000000044,-3.682269557078903,6.0
26,-2.7000000000000046,-3.5444071520814617,6.0
27,-2.650000000000005,-3.4065447470840216,6.0
28,-2.600000000000005,-3.2683628831018683,6.0
29,-2.550000000000005,-3.1257591935839173,6.0
30,-2.5000000000000053,-2.9791049801845855,6.0
31,-2.4500000000000055,-2.8324507667852545,6.0
32,-2.4000000000000057,-2.685829755836381,6.0
33,-2.350000000000006,-2.5436151725977876,6.0
34,-2.300000000000006,-2.401400589359189,6.0
35,-2.250000000000006,-2.2597692225561294,6.0
36,-2.2000000000000064,-2.11827393897984,6.0
37,-2.1500000000000066,-2.003439877066723,6.0
38,-2.1000000000000068,-1.9020833806623452,6.0
39,-2.050000000000007,-1.7958281001634702,6.0
40,-2.000000000000007,-1.6895728196645958,6.0
41,-1.9500000000000073,-1.5833175391657206,6.0
42,-1.9000000000000075,-1.477062258666846,6.0
43,-1.8500000000000076,-1.3615399489356714,6.0
44,-1.8000000000000078,-1.1973964068209337,6.0
45,-1.750000000000008,-1.0332528647061934,6.0
46,-1.7000000000000082,-0.8691093225914556,6.0
47,-1.6500000000000083,-0.728555020234769,6.0
48,-1.6000000000000085,-0.5996370993465828,6.0
49,-1.5500000000000087,-0.4911207827188211,6.0
50,-1.5000000000000089,-0.4223661380515748,6.0
51,-1.450000000000009,-0.37966393427710765,6.0
52,-1.4000000000000092,-0.32175669560285436,6.0
53,-1.3500000000000094,-0.2646702203629142,6.0
54,-1.3000000000000096,-0.23547397736259953,6.0
55,-1.2500000000000098,-0.23590320703552145,6.0
56,-1.20000000000001,-0.2358275039020557,6.0
57,-1.1500000000000101,-0.26063474139180526,6.0
58,-1.1000000000000103,-0.3003924485445595,6.0
59,-1.0500000000000105,-0.33354391511459475,6.0
60,-1.0000000000000107,-0.3686465451295237,6.0
61,-0.9500000000000108,-0.4370857491811094,6.0
62,-0.900000000000011,-0.49959910171613914,6.0
63,-0.8500000000000112,-0.5368665537976764,6.0
64,-0.8000000000000114,-0.6019214835950054,6.0
65,-0.7500000000000115,-0.6798620518148779,6.0
66,-0.7000000000000117,-0.6871970990305737,6.0
67,-0.6500000000000119,-0.6947442327715052,6.0
68,-0.6000000000000121,-0.7039059506498484,6.0
69,-0.5500000000000123,-0.7282743875398853,6.0
70,-0.5000000000000124,-0.7607571635630344,6.0
71,-0.4500000000000126,-0.7981481382405784,6.0
72,-0.4000000000000128,-0.8298974350543474,6.0
73,-0.35000000000001297,-0.8353774579759718,6.0
74,-0.30000000000001315,-0.8424905938140614,6.0
75,-0.2500000000000133,-0.8506889877844278,6.0
76,-0.2000000000000135,-0.8550310675002629,6.0
77,-0.15000000000001368,-0.8584864337624737,6.0
78,-0.10000000000001386,-0.8661517753300094,6.0
79,-0.05000000000001403,-0.8703615185169528,6.0
80,-1.4210854715202004e-14,-0.8844945177905162,6.0
81,0.04999999999998561,-0.9005552131341822,6.0
82,0.09999999999998543,-0.9218419370110948,6.0
83,0.14999999999998526,-0.9431286608880076,6.0
84,0.19999999999998508,-0.9644153847649198,6.0
85,0.2499999999999849,-0.9798899388180641,6.0
86,0.2999999999999847,-0.9874130862427069,6.0
87,0.34999999999998455,-0.9949362336673495,6.0
88,0.39999999999998437,-1.0024593810919926,6.0
89,0.4499999999999842,-1.0099825285166357,6.0
90,0.499999999999984,-1.0175056759412786,6.0
91,0.5499999999999838,-1.0250288233659213,6.0
92,0.5999999999999837,-1.0325519707905637,6.0
93,0.6499999999999835,-1.0400751182152066,6.0
94,0.6999999999999833,-1.04759826563985,6.0
95,0.7499999999999831,-1.0551214130644924,6.0
96,0.799999999999983,-1.062693165752998,6.0
97,0.8499999999999828,-1.072630040087931,6.0
98,0.8999999999999826,-1.0792359103987088,6.0
99,0.9499999999999824,-1.0853524065837987,6.0
100,0.9999999999999822,-1.0895707733212283,6.0
101,1.049999999999982,-1.0688002432027515,6.0
102,1.0999999999999819,-1.050145402212285,6.0
103,1.1499999999999817,-1.0347610542560846,6.0
104,1.1999999999999815,-1.0217246259793464,6.0
105,1.2499999999999813,-1.0104830943552565,6.0
106,1.2999999999999812,-0.9984503752771458,6.0
107,1.349999999999981,-0.9843930602635199,6.0
108,1.3999999999999808,-1.0051500242095444,6.0
109,1.4499999999999806,-1.044675821751009,6.0
110,1.4999999999999805,-1.0799908887581984,6.0
111,1.5499999999999803,-1.0998177095358805,6.0
112,1.59999999999998,-1.1194647172634733,6.0
113,1.64999999999998,-1.139051361913306,6.0
114,1.6999999999999797,-1.1998557666108343,6.0
115,1.7499999999999796,-1.2606601713083634,6.0
116,1.7999999999999794,-1.2992003222941548,6.0
117,1.8499999999999792,-1.3365639577720423,6.0
118,1.899999999999979,-1.373927593249932,6.0
119,1.9499999999999789,-1.4057867928515362,6.0
120,1.9999999999999787,-1.4336507086549972,6.0
121,2.0499999999999785,-1.4615146244584594,6.0
122,2.0999999999999783,-1.4893785402619204,6.0
123,2.149999999999978,-1.5172424560653823,6.0
124,2.199999999999978,-1.5445997363857362,6.0
125,2.249999999999978,-1.5749495380402798,6.0
126,2.2999999999999776,-1.605574569975185,6.0
127,2.3499999999999774,-1.6361996019100893,6.0
128,2.3999999999999773,-1.6668246338449941,6.0
129,2.449999999999977,-1.6974496657798979,6.0
130,2.499999999999977,-1.7295608581062256,6.0
131,2.5499999999999767,-1.762850486805893,6.0
132,2.5999999999999766,-1.7961401155055599,6.0
133,2.6499999999999764,-1.8266735367965092,6.0
134,2.699999999999976,-1.8307201094971293,6.0
135,2.749999999999976,-1.8347666821977484,6.0
136,2.799999999999976,-1.8388132548983667,6.0
137,2.8499999999999757,-1.8428598275989863,6.0
138,2.8999999999999755,-1.846906400299606,6.0
139,2.9499999999999753,-1.8509529730002245,6.0
140,2.999999999999975,-1.8549995457008435,6.0
141,3.049999999999975,-1.8631025241925656,6.0
142,3.0999999999999748,-1.8736428288001574,6.0
143,3.1499999999999746,-1.8852657065948641,6.0
144,3.1999999999999744,-1.9024346138911277,6.0
145,3.2499999999999742,-1.9261943078222317,6.0
146,3.299999999999974,-1.950334000658387,6.0
147,3.349999999999974,-1.9744736934945408,6.0
148,3.3999999999999737,-1.9986133863306959,6.0
149,3.4499999999999735,-2.0227530791668515,6.0
150,3.4999999999999734,-2.046892772003006,6.0
151,3.549999999999973,-2.0710324648391607,6.0
152,3.599999999999973,-2.0951721576753157,6.0
153,3.649999999999973,-2.1193118505114716,6.0
154,3.6999999999999726,-2.1434515433476253,6.0
155,3.7499999999999725,-2.1675912361837795,6.0
156,3.7999999999999723,-2.1917309290199345,6.0
157,3.849999999999972,-2.2170369841164197,6.0
158,3.899999999999972,-2.251592153035191,6.0
159,3.9499999999999718,-2.284048921447848,6.0
0,-4.0,2.8927329722152226,7.0
1,-3.95,2.8621966410729867,7.0
2,-3.9000000000000004,2.8316603099307502,7.0
3,-3.8500000000000005,2.8011239787885143,7.0
4,-3.8000000000000007,2.7705876476462765,7.0
5,-3.750000000000001,2.7400513165040405,7.0
6,-3.700000000000001,2.7095149853618037,7.0
7,-3.6500000000000012,2.6789786542195646,7.0
8,-3.6000000000000014,2.6484423230773277,7.0
9,-3.5500000000000016,2.617905991935091,7.0
10,-3.5000000000000018,2.5864093398191943,7.0
11,-3.450000000000002,2.5513484977648355,7.0
12,-3.400000000000002,2.516287655710478,7.0
13,-3.3500000000000023,2.481226813656117,7.0
14,-3.3000000000000025,2.4461659716017574,7.0
15,-3.2500000000000027,2.4111051295474017,7.0
16,-3.200000000000003,2.3760442874930434,7.0
17,-3.150000000000003,2.3405182022508493,7.0
18,-3.100000000000003,2.304193065178357,7.0
19,-3.0500000000000034,2.2678679281058662,7.0
20,-3.0000000000000036,2.231542791033374,7.0
21,-2.9500000000000037,2.195217653960881,7.0
22,-2.900000000000004,2.158892516888391,7.0
23,-2.850000000000004,2.1225673798158984,7.0
24,-2.8000000000000043,2.086242242743407,7.0
25,-2.7500000000000044,2.049917105670914,7.0
26,-2.7000000000000046,2.0135919685984236,7.0
27,-2.650000000000005,1.9772668315259319,7.0
28,-2.600000000000005,1.9409416944534392,7.0
29,-2.550000000000005,1.9046165573809477,7.0
30,-2.5000000000000053,1.8682914203084564,7.0
31,-2.4500000000000055,1.8236726400746521,7.0
32,-2.4000000000000057,1.7773255134780752,7.0
33,-2.350000000000006,1.7309783868814959,7.0
34,-2.300000000000006,1.684631260284918,7.0
35,-2.250000000000006,1.6382841336883394,7.0
36,-2.2000000000000064,1.5919370070917602,7.0
37,-2.1500000000000066,1.545589880495182,7.0
38,-2.1000000000000068,1.4992427538986024,7.0
39,-2.050000000000007,1.452895627302023,7.0
40,-2.000000000000007,1.4065485007054466,7.0
41,-1.9500000000000073,1.3602013741088674,7.0
42,-1.9000000000000075,1.3138542475122885,7.0
43,-1.8500000000000076,1.2675071209157103,7.0
44,-1.8000000000000078,1.221159994319132,7.0
45,-1.750000000000008,1.1748128677225533,7.0
46,-1.7000000000000082,1.1291495960107065,7.0
47,-1.6500000000000083,1.0858268783051512,7.0
48,-1.6000000000000085,1.0425041605995955,7.0
49,-1.5500000000000087,0.9991814428940415,7.0
50,-1.5000000000000089,0.9558587251884849,7.0
51,-1.450000000000009,0.9125360074829312,7.0
52,-1.4000000000000092,0.8692065886356162,7.0
53,-1.3500000000000094,0.8258707657807148,7.0
54,-1.3000000000000096,0.7825349429258145,7.0
55,-1.2500000000000098,0.739199120070914,7.0
56,-1.20000000000001,0.6958632972160136,7.0
57,-1.1500000000000101,0.6525274743611131,7.0
58,-1.1000000000000103,0.6204854874198814,7.0
59,-1.0500000000000105,0.5887506475995764,7.0
60,-1.0000000000000107,0.5570158077792711,7.0
61,-0.9500000000000108,0.5252809679589651,7.0
62,-0.900000000000011,0.48247605053689746,7.0
63,-0.8500000000000112,0.43379634886994545,7.0
64,-0.8000000000000114,0.3852730914681061,7.0
65,-0.7500000000000115,0.33719161124517955,7.0
66,-0.7000000000000117,0.30991751195322353,7.0
67,-0.6500000000000119,0.2989434060740223,7.0
68,-0.6000000000000121,0.2941574866788639,7.0
69,-0.5500000000000123,0.2925202260306201,7.0
70,-0.5000000000000124,0.2896385004887814,7.0
71,-0.4500000000000126,0.286123607712645,7.0
72,-0.4000000000000128,0.28260871493650874,7.0
73,-0.35000000000001297,0.28268960357187745,7.0
74,-0.30000000000001315,0.28557630649853843,7.0
75,-0.2500000000000133,0.2855076159002599,7.0
76,-0.2000000000000135,0.28408509775763724,7.0
77,-0.15000000000001368,0.2844848035351673,7.0
78,-0.10000000000001386,0.28995310700212906,7.0
79,-0.05000000000001403,0.29542141046909115,7.0
80,-1.4210854715202004e-14,0.3003657786713729,7.0
81,0.04999999999998561,0.30468972840048575,7.0
82,0.09999999999998543,0.30901367812959923,7.0
83,0.14999999999998526,0.31890669284100254,7.0
84,0.19999999999998508,0.3362892286414361,7.0
85,0.2499999999999849,0.37158066338641305,7.0
86,0.2999999999999847,0.356471344021242,7.0
87,0.34999999999998455,0.26502843085325944,7.0
88,0.39999999999998437,0.2619071901065475,7.0
89,0.4499999999999842,0.2545807098636256,7.0
90,0.499999999999984,0.25722394361484197,7.0
91,0.5499999999999838,0.26532157499736436,7.0
92,0.5999999999999837,0.2770382578130226,7.0
93,0.6499999999999835,0.280143243326212,7.0
94,0.6999999999999833,0.26786042246469266,7.0
95,0.7499999999999831,0.2555776016031733,7.0
96,0.799999999999983,0.24329478074165417,7.0
97,0.8499999999999828,0.23288610935839132,7.0
98,0.8999999999999826,0.22641741210805055,7.0
99,0.9499999999999824,0.21994871485770975,7.0
100,0.9999999999999822,0.21373764540390414,7.0
101,1.049999999999982,0.20498864250172733,7.0
102,1.0999999999999819,0.18527575739461402,7.0
103,1.1499999999999817,0.1655628722875007,7.0
104,1.1999999999999815,0.14584998718038705,7.0
105,1.2499999999999813,0.15523771302190284,7.0
106,1.2999999999999812,0.17366751621333287,7.0
107,1.349999999999981,0.1896906708430912,7.0
108,1.3999999999999808,0.20308819784473803,7.0
109,1.4499999999999806,0.21648572484638412,7.0
110,1.4999999999999805,0.22988325184803,7.0
111,1.5499999999999803,0.24328077884967605,7.0
112,1.59999999999998,0.2624095832021345,7.0
113,1.64999999999998,0.28465041016109727,7.0
114,1.6999999999999797,0.3114165916102876,7.0
115,1.7499999999999796,0.3873214733383572,7.0
116,1.7999999999999794,0.5137654219504558,7.0
117,1.8499999999999792,0.6288211715971497,7.0
118,1.899999999999979,0.7389477204055446,7.0
119,1.9499999999999789,0.8441203728852746,7.0
120,1.9999999999999787,0.9492930253650074,7.0
121,2.0499999999999785,1.0402056486639784,7.0
122,2.0999999999999783,1.1116757244962863,7.0
123,2.149999999999978,1.17348996012674,7.0
124,2.199999999999978,1.2352326663285356,7.0
125,2.249999999999978,1.3006214093244055,7.0
126,2.2999999999999776,1.366010152320276,7.0
127,2.3499999999999774,1.431398895316148,7.0
128,2.3999999999999773,1.4967876383120173,7.0
129,2.449999999999977,1.5621763813078868,7.0
130,2.499999999999977,1.6275651243037599,7.0
131,2.5499999999999767,1.6929538672996265,7.0
132,2.5999999999999766,1.7583426102954973,7.0
133,2.6499999999999764,1.8237313532913675,7.0
134,2.699999999999976,1.8835557643485268,7.0
135,2.749999999999976,1.9356078178802174,7.0
136,2.799999999999976,1.9876598714119047,7.0
137,2.8499999999999757,2.0397119249435933,7.0
138,2.8999999999999755,2.0917639784752824,7.0
139,2.9499999999999753,2.1438160320069697,7.0
140,2.999999999999975,2.195868085538659,7.0
141,3.049999999999975,2.2479201390703465,7.0
142,3.0999999999999748,2.2824158931979484,7.0
143,3.1499999999999746,2.313109611378821,7.0
144,3.1999999999999744,2.343803329559696,7.0
145,3.2499999999999742,2.374497047740566,7.0
146,3.299999999999974,2.4051907659214398,7.0
147,3.349999999999974,2.4358844841023113,7.0
148,3.3999999999999737,2.4665782022831824,7.0
149,3.4499999999999735,2.4972719204640565,7.0
150,3.4999999999999734,2.5279656386449276,7.0
151,3.549999999999973,2.5586593568258,7.0
152,3.599999999999973,2.589353075006673,7.0
153,3.649999999999973,2.6200467931875457,7.0
154,3.6999999999999726,2.6507405113684186,7.0
155,3.7499999999999725,2.6814342295492906,7.0
156,3.7999999999999723,2.712127947730161,7.0
157,3.849999999999972,2.742617911649296,7.0
158,3.899999999999972,2.772969860347851,7.0
159,3.9499999999999718,2.803321809046405,7.0
0,-4.0,1.4220246608014795,8.0
1,-3.95,1.4131468038477148,8.0
2,-3.9000000000000004,1.4042689468939489,8.0
3,-3.8500000000000005,1.3953910899401836,8.0
4,-3.8000000000000007,1.3854147356607118,8.0
5,-3.750000000000001,1.3752242156183392,8.0
6,-3.700000000000001,1.365033695575964,8.0
7,-3.6500000000000012,1.354843175533591,8.0
8,-3.6000000000000014,1.3446526554912166,8.0
9,-3.5500000000000016,1.334462135448843,8.0
10,-3.5000000000000018,1.3242716154064684,8.0
11,-3.450000000000002,1.314081095364095,8.0
12,-3.400000000000002,1.3038905753217214,8.0
13,-3.3500000000000023,1.2937000552793478,8.0
14,-3.3000000000000025,1.283687401838485,8.0
15,-3.2500000000000027,1.2739613625179382,8.0
16,-3.200000000000003,1.2642353231973904,8.0
17,-3.150000000000003,1.254509283876843,8.0
18,-3.100000000000003,1.2447832445562947,8.0
19,-3.0500000000000034,1.2350572052357478,8.0
20,-3.0000000000000036,1.2253311659151993,8.0
21,-2.9500000000000037,1.2156051265946528,8.0
22,-2.900000000000004,1.2058790872741045,8.0
23,-2.850000000000004,1.1961530479535576,8.0
24,-2.8000000000000043,1.1864270086330095,8.0
25,-2.7500000000000044,1.1767009693124622,8.0
26,-2.7000000000000046,1.1669749299919148,8.0
27,-2.650000000000005,1.1572488906713667,8.0
28,-2.600000000000005,1.1475228513508193,8.0
29,-2.550000000000005,1.1377968120302715,8.0
30,-2.5000000000000053,1.1280707727097232,8.0
31,-2.4500000000000055,1.118344733389176,8.0
32,-2.4000000000000057,1.1086186940686285,8.0
33,-2.350000000000006,1.0988926547480815,8.0
34,-2.300000000000006,1.0887785558659429,8.0
35,-2.250000000000006,1.0774121489232606,8.0
36,-2.2000000000000064,1.0660457419805787,8.0
37,-2.1500000000000066,1.0546793350378967,8.0
38,-2.1000000000000068,1.0433129280952143,8.0
39,-2.050000000000007,1.0319465211525318,8.0
40,-2.000000000000007,1.0205801142098498,8.0
41,-1.9500000000000073,1.0090729639033376,8.0
42,-1.9000000000000075,0.9941287720945128,8.0
43,-1.8500000000000076,0.9791845802856884,8.0
44,-1.8000000000000078,0.9642403884768632,8.0
45,-1.750000000000008,0.9492961966680388,8.0
46,-1.7000000000000082,0.9343520048592142,8.0
47,-1.6500000000000083,0.9194078130503897,8.0
48,-1.6000000000000085,0.9044636212415652,8.0
49,-1.5500000000000087,0.8895194294327406,8.0
50,-1.5000000000000089,0.8745752376239155,8.0
51,-1.450000000000009,0.8596310458150911,8.0
52,-1.4000000000000092,0.8362732944223925,8.0
53,-1.3500000000000094,0.8098720981221096,8.0
54,-1.3000000000000096,0.7840228062837264,8.0
55,-1.2500000000000098,0.7654528062984025,8.0
56,-1.20000000000001,0.7468828063130788,8.0
57,-1.1500000000000101,0.7283128063277549,8.0
58,-1.1000000000000103,0.7097428063424306,8.0
59,-1.0500000000000105,0.6911728063571069,8.0
60,-1.0000000000000107,0.6726028063717829,8.0
61,-0.9500000000000108,0.658288728073724,8.0
62,-0.900000000000011,0.645066853760821,8.0
63,-0.8500000000000112,0.6318449794479183,8.0
64,-0.8000000000000114,0.6318133354561933,8.0
65,-0.7500000000000115,0.6323233898737716,8.0
66,-0.7000000000000117,0.6328334442913507,8.0
67,-0.6500000000000119,0.6232016061574843,8.0
68,-0.6000000000000121,0.6112539107976399,8.0
69,-0.5500000000000123,0.6062731556706729,8.0
70,-0.5000000000000124,0.6046612433676785,8.0
71,-0.4500000000000126,0.6014670574076585,8.0
72,-0.4000000000000128,0.596246063168314,8.0
73,-0.35000000000001297,0.5910250689289691,8.0
74,-0.30000000000001315,0.5858040746896249,8.0
75,-0.2500000000000133,0.5805830804502798,8.0
76,-0.2000000000000135,0.5739920959278659,8.0
77,-0.15000000000001368,0.5486621804978621,8.0
78,-0.10000000000001386,0.5233322650678585,8.0
79,-0.05000000000001403,0.49669987392587184,8.0
80,-1.4210854715202004e-14,0.462325077306938,8.0
81,0.04999999999998561,0.4284937314650405,8.0
82,0.09999999999998543,0.4353302480289596,8.0
83,0.14999999999998526,0.4423434487033008,8.0
84,0.19999999999998508,0.44936406011468566,8.0
85,0.2499999999999849,0.4491057377574438,8.0
86,0.2999999999999847,0.45098870884092684,8.0
87,0.34999999999998455,0.44540068806590993,8.0
88,0.39999999999998437,0.4375754285037217,8.0
89,0.4499999999999842,0.4309286120833356,8.0
90,0.499999999999984,0.43045517979270126,8.0
91,0.5499999999999838,0.434987295078222,8.0
92,0.5999999999999837,0.44151913814135996,8.0
93,0.6499999999999835,0.446036546936456,8.0
94,0.6999999999999833,0.4470441177969725,8.0
95,0.7499999999999831,0.4479899369326536,8.0
96,0.799999999999983,0.44830251148113504,8.0
97,0.8499999999999828,0.4476746678916384,8.0
98,0.8999999999999826,0.4533240407922947,8.0
99,0.9499999999999824,0.46082555956930743,8.0
100,0.9999999999999822,0.4538710691252418,8.0
101,1.049999999999982,0.44288501794449764,8.0
102,1.0999999999999819,0.43747026331575456,8.0
103,1.1499999999999817,0.432055508687011,8.0
104,1.1999999999999815,0.42944070120939426,8.0
105,1.2499999999999813,0.4315122011325698,8.0
106,1.2999999999999812,0.43600325809365215,8.0
107,1.349999999999981,0.440494315054735,8.0
108,1.3999999999999808,0.44532014264377284,8.0
109,1.4499999999999806,0.4502645668831322,8.0
110,1.4999999999999805,0.4589208079163421,8.0
111,1.5499999999999803,0.4688342199566115,8.0
112,1.59999999999998,0.4787476319968808,8.0
113,1.64999999999998,0.48866104403715055,8.0
114,1.6999999999999797,0.49857445607742007,8.0
115,1.7499999999999796,0.5084878681176896,8.0
116,1.7999999999999794,0.5184012801579595,8.0
117,1.8499999999999792,0.5283146921982286,8.0
118,1.899999999999979,0.5382281042384984,8.0
119,1.9499999999999789,0.5481415162787676,8.0
120,1.9999999999999787,0.5580549283190371,8.0
121,2.0499999999999785,0.5679683403593063,8.0
122,2.0999999999999783,0.577228648335108,8.0
123,2.149999999999978,0.585788607183187,8.0
124,2.199999999999978,0.5943485660312658,8.0
125,2.249999999999978,0.6037908155539944,8.0
126,2.2999999999999776,0.6143077836765708,8.0
127,2.3499999999999774,0.6248247517991479,8.0
128,2.3999999999999773,0.6353417199217246,8.0
129,2.449999999999977,0.6458586880443016,8.0
130,2.499999999999977,0.6563756561668789,8.0
131,2.5499999999999767,0.666513297766679,8.0
132,2.5999999999999766,0.67638133214342,8.0
133,2.6499999999999764,0.686249366520161,8.0
134,2.699999999999976,0.6961174008969019,8.0
135,2.749999999999976,0.7059854352736432,8.0
136,2.799999999999976,0.7158534696503842,8.0
137,2.8499999999999757,0.7257215040271252,8.0
138,2.8999999999999755,0.7355895384038663,8.0
139,2.9499999999999753,0.7454575727806071,8.0
140,2.999999999999975,0.7553256071573488,8.0
141,3.049999999999975,0.7651936415340894,8.0
142,3.0999999999999748,0.7750616759108306,8.0
143,3.1499999999999746,0.7849297102875714,8.0
144,3.1999999999999744,0.7947977446643127,8.0
145,3.2499999999999742,0.804665779041054,8.0
146,3.299999999999974,0.8145338134177946,8.0
147,3.349999999999974,0.8244018477945358,8.0
148,3.3999999999999737,0.8342698821712764,8.0
149,3.4499999999999735,0.8441379165480177,8.0
150,3.4999999999999734,0.8540059509247586,8.0
151,3.549999999999973,0.8638739853014998,8.0
152,3.599999999999973,0.8732521702604549,8.0
153,3.649999999999973,0.8815775329917386,8.0
154,3.6999999999999726,0.8899028957230212,8.0
155,3.7499999999999725,0.8982282584543045,8.0
156,3.7999999999999723,0.9065536211855878,8.0
157,3.849999999999972,0.9148789839168708,8.0
158,3.899999999999972,0.9232043466481544,8.0
159,3.9499999999999718,0.9315297093794375,8.0
0,-4.0,0.07704753025542928,9.0
1,-3.95,0.07626727460950433,9.0
2,-3.9000000000000004,0.07548701896357934,9.0
3,-3.8500000000000005,0.07470676331765436,9.0
4,-3.8000000000000007,0.07392650767172937,9.0
5,-3.750000000000001,0.0731462520258044,9.0
6,-3.700000000000001,0.07236599637987944,9.0
7,-3.6500000000000012,0.07158574073395445,9.0
8,-3.6000000000000014,0.07080548508802949,9.0
9,-3.5500000000000016,0.07002522944210457,9.0
10,-3.5000000000000018,0.06924497379617953,9.0
11,-3.450000000000002,0.06846471815025458,9.0
12,-3.400000000000002,0.06768446250432958,9.0
13,-3.3500000000000023,0.06690420685840467,9.0
14,-3.3000000000000025,0.06612395121247966,9.0
15,-3.2500000000000027,0.06534369556655464,9.0
16,-3.200000000000003,0.06456343992062974,9.0
17,-3.150000000000003,0.06378318427470477,9.0
18,-3.100000000000003,0.06300292862877976,9.0
19,-3.0500000000000034,0.06222267298285487,9.0
20,-3.0000000000000036,0.06144241733692985,9.0
21,-2.9500000000000037,0.06066216169100485,9.0
22,-2.900000000000004,0.059881906045079925,9.0
23,-2.850000000000004,0.05910165039915498,9.0
24,-2.8000000000000043,0.05832139475323,9.0
25,-2.7500000000000044,0.05754113910730502,9.0
26,-2.7000000000000046,0.05676088346138004,9.0
27,-2.650000000000005,0.05598062781545504,9.0
28,-2.600000000000005,0.0552003721695301,9.0
29,-2.550000000000005,0.05442011652360511,9.0
30,-2.5000000000000053,0.05351981704922111,9.0
31,-2.4500000000000055,0.05241411830035918,9.0
32,-2.4000000000000057,0.051308419551497265,9.0
33,-2.350000000000006,0.050202720802635346,9.0
34,-2.300000000000006,0.04910041527361416,9.0
35,-2.250000000000006,0.048023628003024656,9.0
36,-2.2000000000000064,0.04694684073243515,9.0
37,-2.1500000000000066,0.04587005346184564,9.0
38,-2.1000000000000068,0.044793266191256086,9.0
39,-2.050000000000007,0.04371647892066657,9.0
40,-2.000000000000007,0.04263969165007706,9.0
41,-1.9500000000000073,0.04156290437948756,9.0
42,-1.9000000000000075,0.040486117108898025,9.0
43,-1.8500000000000076,0.039409329838308534,9.0
44,-1.8000000000000078,0.038332542567718994,9.0
45,-1.750000000000008,0.037255755297129434,9.0
46,-1.7000000000000082,0.0363773302378943,9.0
47,-1.6500000000000083,0.03570770704043673,9.0
48,-1.6000000000000085,0.035038083842979226,9.0
49,-1.5500000000000087,0.03436846064552166,9.0
50,-1.5000000000000089,0.033698837448064116,9.0
51,-1.450000000000009,0.03302921425060659,9.0
52,-1.4000000000000092,0.03235959105314906,9.0
53,-1.3500000000000094,0.03168996785569152,9.0
54,-1.3000000000000096,0.031020344658233993,9.0
55,-1.2500000000000098,0.030252582125005423,9.0
56,-1.20000000000001,0.02925903981381307,9.0
57,-1.1500000000000101,0.028265497502620765,9.0
58,-1.1000000000000103,0.027271955191428388,9.0
59,-1.0500000000000105,0.026278412880236048,9.0
60,-1.0000000000000107,0.025284870569043678,9.0
61,-0.9500000000000108,0.024207392425208616,9.0
62,-0.900000000000011,0.023090427661440902,9.0
63,-0.8500000000000112,0.022034066657772123,9.0
64,-0.8000000000000114,0.021017416801120892,9.0
65,-0.7500000000000115,0.020096420687374456,9.0
66,-0.7000000000000117,0.01935273775969842,9.0
67,-0.6500000000000119,0.018609054832022416,9.0
68,-0.6000000000000121,0.01786537190434639,9.0
69,-0.5500000000000123,0.01712168897667039,9.0
70,-0.5000000000000124,0.016378006048994365,9.0
71,-0.4500000000000126,0.015281997211440418,9.0
72,-0.4000000000000128,0.014067864919472794,9.0
73,-0.35000000000001297,0.012853732627505193,9.0
74,-0.30000000000001315,0.011639600335537582,9.0
75,-0.2500000000000133,0.010425468043569976,9.0
76,-0.2000000000000135,0.009211335751602363,9.0
77,-0.15000000000001368,0.00840873608227437,9.0
78,-0.10000000000001386,0.007759721892794353,9.0
79,-0.05000000000001403,0.007218401476244456,9.0
80,-1.4210854715202004e-14,0.00714704673522955,9.0
81,0.04999999999998561,0.007478295378799787,9.0
82,0.09999999999998543,0.007874633077615135,9.0
83,0.14999999999998526,0.007912729693851227,9.0
84,0.19999999999998508,0.007734693925023735,9.0
85,0.2499999999999849,0.007469067513670893,9.0
86,0.2999999999999847,0.007216235662552342,9.0
87,0.34999999999998455,0.006815549862204764,9.0
88,0.39999999999998437,0.0062167651582152594,9.0
89,0.4499999999999842,0.0056489715460334815,9.0
90,0.499999999999984,0.005368876328229334,9.0
91,0.5499999999999838,0.00529265854344753,9.0
92,0.5999999999999837,0.005291846781940578,9.0
93,0.6499999999999835,0.005294236924798847,9.0
94,0.6999999999999833,0.005409499995014258,9.0
95,0.7499999999999831,0.005466080219208067,9.0
96,0.799999999999983,0.00543908805453775,9.0
97,0.8499999999999828,0.005412095889867443,9.0
98,0.8999999999999826,0.005674233435005719,9.0
99,0.9499999999999824,0.006130523819276713,9.0
100,0.9999999999999822,0.006586814203547722,9.0
101,1.049999999999982,0.007043104587818708,9.0
102,1.0999999999999819,0.007499394972089711,9.0
103,1.1499999999999817,0.007955685356360705,9.0
104,1.1999999999999815,0.008168625296844098,9.0
105,1.2499999999999813,0.00875945378508171,9.0
106,1.2999999999999812,0.009377251273871538,9.0
107,1.349999999999981,0.009995048762661359,9.0
108,1.3999999999999808,0.010837507979648024,9.0
109,1.4499999999999806,0.012107231898852504,9.0
110,1.4999999999999805,0.013936598876254818,9.0
111,1.5499999999999803,0.01449369242118016,9.0
112,1.59999999999998,0.015393954327741047,9.0
113,1.64999999999998,0.016475936918806684,9.0
114,1.6999999999999797,0.0174004857347303,9.0
115,1.7499999999999796,0.018305201815571832,9.0
116,1.7999999999999794,0.019209917896413336,9.0
117,1.8499999999999792,0.020114633977254857,9.0
118,1.899999999999979,0.021019350058096378,9.0
119,1.9499999999999789,0.021840292488064704,9.0
120,1.9999999999999787,0.02267643209485187,9.0
121,2.0499999999999785,0.023512571701639024,9.0
122,2.0999999999999783,0.024561680292955256,9.0
123,2.149999999999978,0.0262071997727385,9.0
124,2.199999999999978,0.02785271925252175,9.0
125,2.249999999999978,0.029498238732304945,9.0
126,2.2999999999999776,0.031936325018859346,9.0
127,2.3499999999999774,0.034747956974603124,9.0
128,2.3999999999999773,0.037559588930346895,9.0
129,2.449999999999977,0.04037122088609065,9.0
130,2.499999999999977,0.043182852841834415,9.0
131,2.5499999999999767,0.04599448479757823,9.0
132,2.5999999999999766,0.04880611675332194,9.0
133,2.6499999999999764,0.05161774870906572,9.0
134,2.699999999999976,0.05442938066480951,9.0
135,2.749999999999976,0.0572410126205533,9.0
136,2.799999999999976,0.06005264457629709,9.0
137,2.8499999999999757,0.06328089982383457,9.0
138,2.8999999999999755,0.06674222320098143,9.0
139,2.9499999999999753,0.07014809362467962,9.0
140,2.999999999999975,0.07297023744772062,9.0
141,3.049999999999975,0.07579238127076161,9.0
142,3.0999999999999748,0.07836618139067537,9.0
143,3.1499999999999746,0.08056681818246193,9.0
144,3.1999999999999744,0.0827944076239658,9.0
145,3.2499999999999742,0.08492635599990463,9.0
146,3.299999999999974,0.08678890840357675,9.0
147,3.349999999999974,0.08857592432388457,9.0
148,3.3999999999999737,0.09030578180926033,9.0
149,3.4499999999999735,0.0920151908827079,9.0
150,3.4999999999999734,0.09360845654770555,9.0
151,3.549999999999973,0.09520172221270322,9.0
152,3.599999999999973,0.09679498787770086,9.0
153,3.649999999999973,0.09838825354269846,9.0
154,3.6999999999999726,0.09985573271257787,9.0
155,3.7499999999999725,0.10100959161166399,9.0
156,3.7999999999999723,0.10216345051075008,9.0
157,3.849999999999972,0.10329872554159843,9.0
158,3.899999999999972,0.10421349658449511,9.0
159,3.9499999999999718,0.1051282676273916,9.0
